posted by,post url,tagged users,tagged users followers,tags,tag post totals,comments,likes
cristiano,https://www.instagram.com/p/BxYMKVjAj0Z/,null,0,['finoallafine'],[2034640],28900,5098731
cristiano,https://www.instagram.com/p/BxR4_0LAFyG/,null,0,[],[0],31000,5301028
cristiano,https://www.instagram.com/p/BxKEAdrgKiY/,null,0,['pestanacr7'],[12436],42300,7157581
cristiano,https://www.instagram.com/p/BxBCZkZg39M/,null,0,['finoallafine'],[2034640],28100,4580564
cristiano,https://www.instagram.com/p/Bw5BLO8gj3h/,cr7_footwear,1100000,[],[0],29700,3771284
cristiano,https://www.instagram.com/p/Bw4oZrMgA2k/,null,0,['TopTraining'],[20101],18400,4224793
cristiano,https://www.instagram.com/p/BwzC96LggFK/,nikefootball,37700000,[],[0],46900,7048967
cristiano,https://www.instagram.com/p/BwumY9ZAY9K/,null,0,[],[0],13100,3248157
cristiano,https://www.instagram.com/p/Bwt33YNgXSu/,null,0,[],[0],55200,8782995
selenagomez,https://www.instagram.com/p/BxYfWLaAMnM/,null,0,[],[0],26700,4717402
selenagomez,https://www.instagram.com/p/BxOLH2ZgbV2/,null,0,['followme'],[481056176],58800,5641286
selenagomez,https://www.instagram.com/p/Bw9_ilQAOWM/,krahs,365000,[],[0],152100,11489036
selenagomez,https://www.instagram.com/p/Bw7MF0yAnHZ/,oprah,16200000,[],[0],22500,3568235
selenagomez,https://www.instagram.com/p/Bw2Q-cxANIV/,null,0,['90svintage'],[364957],25100,5405003
selenagomez,https://www.instagram.com/p/BwNMDqvAQ7_/,null,0,[],[0],69100,6830455
selenagomez,https://www.instagram.com/p/Bv4q6GPAeML/,null,0,[],[0],183400,11874479
selenagomez,https://www.instagram.com/p/BvpKdVmggr4/,coach,3800000,['CoachNY'],[74344],44600,4380808
selenagomez,https://www.instagram.com/p/Bvkm1bkAfWv/,null,0,['Haverdade'],[14],73200,5943637
kyliejenner,https://www.instagram.com/p/BxamesynZfd/,null,0,[],[0],10000,713342
kyliejenner,https://www.instagram.com/p/BxXuVnlHUmh/,null,0,[],[0],75500,5409551
kyliejenner,https://www.instagram.com/p/BxXt33iHWkB/,null,0,['COMINGSOON'],[15354283],539,2102408
kyliejenner,https://www.instagram.com/p/BxXtGbtn8Lz/,null,0,[],[0],898,3255212
kyliejenner,https://www.instagram.com/p/BxXhAYgH8Ge/,sashasamsonova,586000,['HappyMothersDay'],[9716748],19200,5736617
kyliejenner,https://www.instagram.com/p/BxV2TqtHYtm/,kylieskin,1000000,['KYLIESKIN'],[2537],33200,1291882
kyliejenner,https://www.instagram.com/p/BxS6-XyHSE8/,null,0,"['KylieSkin', 'healthylifestyle']","[2537, 47311156]",72200,5066032
kyliejenner,https://www.instagram.com/p/BxN6vF6H5Oy/,null,0,[],[0],97300,3705964
kyliejenner,https://www.instagram.com/p/BxMKDNyHeUa/,versace,17800000,[],[0],55900,4615472
kyliejenner,https://www.instagram.com/p/BxK4qQynh99/,null,0,['healthylifestyle'],[47311157],53200,6044283
leomessi,https://www.instagram.com/p/BxFc58nFwpN/,null,0,[],[0],60600,8027466
leomessi,https://www.instagram.com/p/BxFQvSClQLT/,null,0,[],[0],18000,3433951
leomessi,https://www.instagram.com/p/BxCljwiFN-F/,null,0,[],[0],55000,7731739
leomessi,https://www.instagram.com/p/Bw_y8PGFL3h/,xavi,3100000,[],[0],15700,3923092
leomessi,https://www.instagram.com/p/Bw76bHQlyDE/,null,0,[],[0],153800,9520783
leomessi,https://www.instagram.com/p/BwxoMQflAf6/,null,0,[],[0],95000,10241857
leomessi,https://www.instagram.com/p/BwrsbCaFIE4/,miguelruizfcb,1500000,[],[0],15200,4032622
leomessi,https://www.instagram.com/p/Bwj5AazFW8h/,pastisseriabaires,5453,[],[0],28500,5706054
leomessi,https://www.instagram.com/p/BwcuvsZlYk-/,null,0,[],[0],23900,3879502
leomessi,https://www.instagram.com/p/BwbrwTxlrY4/,otro,744000,['OurOtherClub'],[3657],11700,3202702
leomessi,https://www.instagram.com/p/BwW7IGEldl3/,null,0,['ultraboost'],[2494183],31900,5225743
beyonce,https://www.instagram.com/p/BxWK1zKHamB/,null,0,"['sailormoon', 'sailormoon', 'NaarNewYork']","[3783165, 3783165, 9]",22300,2650538
beyonce,https://www.instagram.com/p/BxWF9a2HSjd/,null,0,['DADABHIGHENDAPPAREL'],[269],15100,2121500
beyonce,https://www.instagram.com/p/BxWCzcTHu3_/,null,0,[],[0],35900,3575660
beyonce,https://www.instagram.com/p/BwuYGa7BR4u/,null,0,[],[0],80500,6259548
beyonce,https://www.instagram.com/p/BwuX3GJBYyI/,null,0,[],[0],88700,7179078
beyonce,https://www.instagram.com/p/BwWS0E0nFyY/,null,0,"['freebritney', 'beastmode']","[19549, 24321207]",50300,3413075
beyonce,https://www.instagram.com/p/Bvu4twaAIhy/,null,0,['RIP'],[24203590],19500,2130747
beyonce,https://www.instagram.com/p/BvqWGwqgOU9/,null,0,['STAY_STRONG'],[43455],23700,2932538
beyonce,https://www.instagram.com/p/BvqMI__guBn/,null,0,['blacklove'],[4843271],30500,3709045
kendalljenner,https://www.instagram.com/p/BxXf1O6jy0r/,null,0,[],[0],948,1515576
kendalljenner,https://www.instagram.com/p/BxS1Av0j0Vn/,null,0,['crueltynotfashion'],[1],22300,3945904
kendalljenner,https://www.instagram.com/p/BxLfhdfBcbk/,null,0,[],[0],969,2699360
kendalljenner,https://www.instagram.com/p/BxK_5pXBLA3/,null,0,[],[0],524,1668529
kendalljenner,https://www.instagram.com/p/BxK21XGBkHI/,null,0,['TiffanyBlueBook'],[10797],17100,4282747
kendalljenner,https://www.instagram.com/p/Bwuc88uj0qb/,null,0,[],[0],122200,9472971
kendalljenner,https://www.instagram.com/p/BwsPnjwDRCk/,mrmikerosenthal,171000,['MOONbyKendall'],[58],22300,4294072
kendalljenner,https://www.instagram.com/p/Bwmxkn0DK_O/,null,0,['moon_partner'],[197],20800,3035329
kendalljenner,https://www.instagram.com/p/Bwe9AjlD8ij/,null,0,[],[0],21700,4592971
kendalljenner,https://www.instagram.com/p/Bwe8vOMjsBB/,null,0,[],[0],414,3656197
kendalljenner,https://www.instagram.com/p/BwchlkcDujH/,null,0,['MYCALVINS'],[701377],196,2102117
therock,https://www.instagram.com/p/Bxasr6WHha2/,null,0,"['JUMANJI', '_classic_mode99', 'followme']","[373086, 17, 481056193]",656,338580
therock,https://www.instagram.com/p/BxYfDgKHWbF/,null,0,[],[0],350,1611282
therock,https://www.instagram.com/p/BxYdye2n1vh/,null,0,[],[0],388,2295898
therock,https://www.instagram.com/p/BxVuwFZhcvO/,null,0,['JUMANJI'],[373086],957,1859537
therock,https://www.instagram.com/p/BxSw0ZGBqvT/,kevinhart4real,74300000,['JUMANJI'],[373086],850,1264238
therock,https://www.instagram.com/p/BxRJkufnOa9/,null,0,"['JUMANJI', 'goodpeople']","[373086, 2772675]",607,2553547
therock,https://www.instagram.com/p/BxRGwkun8T3/,null,0,['JUMANJI'],[373086],351,2725333
therock,https://www.instagram.com/p/BxQvJ50n5Bb/,null,0,['JUMANJI'],[373086],12300,4743112
therock,https://www.instagram.com/p/BxKqN_rn64_/,null,0,['gratefulSOB'],[127],21200,4077553
kimkardashian,https://www.instagram.com/p/BxaaRC6HgwH/,null,0,"['KKWBEAUTY', 'dreamsdocometrue']","[[0], [0]]",458,973955
kimkardashian,https://www.instagram.com/p/BxaE_G_nDtI/,null,0,['BestFriendsAss'],[[0]],435,1300549
kimkardashian,https://www.instagram.com/p/BxYi9xNHF-A/,null,0,[],[0],788,2659641
kimkardashian,https://www.instagram.com/p/BxWar_3HscY/,null,0,[],[0],10400,2097946
kimkardashian,https://www.instagram.com/p/BxVdknbnqPS/,null,0,[],[0],14600,3623927
kimkardashian,https://www.instagram.com/p/BxTfoxlHXed/,manfredthierrymugler,359000,[],[0],439,1753983
kimkardashian,https://www.instagram.com/p/BxSxKdUH4jD/,null,0,"['KKWBEAUTY', 'kkwbeauty', 'kkwbeauty']","[[0], [0], [0]]",594,262113
kimkardashian,https://www.instagram.com/p/BxSi5tXn5wH/,kkwbeauty,3100000,"['KKWBEAUTY', 'kkwbeauty']","[[0], [0]]",324,365128
kimkardashian,https://www.instagram.com/p/BxSfdg9nKy7/,null,0,['KKWBEAUTY'],[[0]],637,312478
kimkardashian,https://www.instagram.com/p/BxQJXT1nGsj/,null,0,[],[0],16900,2804501
kimkardashian,https://www.instagram.com/p/BxK9kNjnwMF/,null,0,[],[0],28900,3487246
kimkardashian,https://www.instagram.com/p/BxJMGe2nKrv/,null,0,[],[0],63900,6127537
instagram,https://www.instagram.com/p/BxXpcUcAXXz/,null,0,['MothersDay'],[[0]],463,746004
instagram,https://www.instagram.com/p/BxSvrkZhxJf/,susan_alexandra,85900,[],[0],11100,852367
instagram,https://www.instagram.com/p/BxQZS_WAerE/,podsandthecity,14100,['WeeklyFluff'],[[0]],842,970361
instagram,https://www.instagram.com/p/BxNlytfB66A/,null,0,"['Ramadan', '_classic_mode99']","[[0], [0]]",196,1034632
instagram,https://www.instagram.com/p/BxIXhmKhT86/,the_hula,261000,['APAheritagemonth'],[[0]],149,925612
instagram,https://www.instagram.com/p/BxAr5CTBs0X/,ruby_marylennox,124000,[],[0],15600,1068805
instagram,https://www.instagram.com/p/Bw-ltRZhy2m/,null,0,['WHPgoingplaces'],[[0]],13700,1733670
instagram,https://www.instagram.com/p/Bw-V6TyhBMd/,theconeycats,15300,['WeeklyFluff'],[[0]],11200,976055
arianagrande,https://www.instagram.com/p/BxazjF6Fn5S/,null,0,[],[0],395,373931
arianagrande,https://www.instagram.com/p/BxX-suLldxG/,null,0,[],[0],17200,4057650
arianagrande,https://www.instagram.com/p/BxWD5EXFlN5/,alfredoflores,2500000,[],[0],991,2281977
arianagrande,https://www.instagram.com/p/BxTVWUylWPS/,null,0,[],[0],18100,2615778
arianagrande,https://www.instagram.com/p/BxTKLW1lAlr/,tileystrozewski,20600,['topsinger'],[[0]],277,1787385
arianagrande,https://www.instagram.com/p/BxSz8h-lgpw/,null,0,['arivenchy'],[[0]],44,926702
arianagrande,https://www.instagram.com/p/BxSzLYQlhTP/,givenchyofficial,12800000,[],[0],444,937339
arianagrande,https://www.instagram.com/p/BxSNo_AFlyd/,null,0,"['arivenchy', 'longhair']","[[0], [0]]",10500,2243900
arianagrande,https://www.instagram.com/p/BxSGxjalS1l/,null,0,"['arivenchy', 'killinit']","[[0], [0]]",329,1637258
neymarjr,https://www.instagram.com/p/BxZhPJLABav/,dieselfragrances,25300,['PlayWithYourFears'],[[0]],5,1345649
neymarjr,https://www.instagram.com/p/BxYHIXVACVg/,null,0,[],[0],7,920988
neymarjr,https://www.instagram.com/p/BxXtlF3Ah4d/,null,0,[],[0],12,854691
neymarjr,https://www.instagram.com/p/BxXIQH4Ayuo/,nadine.goncalves,950000,[],[0],25,1265570
neymarjr,https://www.instagram.com/p/BxVYg2iA1PL/,null,0,['Ps8'],[[0]],66,3615848
neymarjr,https://www.instagram.com/p/BxPe2S_AMPg/,marquinhosm5,2800000,[],[0],11,1304394
neymarjr,https://www.instagram.com/p/BxNHNlmA2lz/,null,0,['aladdin'],[[0]],169,5617028
neymarjr,https://www.instagram.com/p/BxFONgOg6If/,null,0,[],[0],32,1482771
neymarjr,https://www.instagram.com/p/Bw-fFuKADzw/,null,0,[],[0],21,1149259
ddlovato,https://www.instagram.com/p/BxaWYBqhqqD/,null,0,[],[0],32300,2290350
ddlovato,https://www.instagram.com/p/BxYe3x1h8l4/,null,0,[],[0],719,1233904
ddlovato,https://www.instagram.com/p/BxV1jzjhBZr/,scooterbraun,3100000,[],[0],38600,3123168
ddlovato,https://www.instagram.com/p/BxVRUnJBF1F/,null,0,[],[0],61500,3934128
ddlovato,https://www.instagram.com/p/BxN9FfzB6ct/,null,0,[],[0],51400,3209630
ddlovato,https://www.instagram.com/p/BwcuRDuhx-r/,1chrislight,5755,[],[0],986,1066373
ddlovato,https://www.instagram.com/p/BwLIsTBBFIJ/,null,0,[],[0],31400,2832438
ddlovato,https://www.instagram.com/p/BwGWplnBNjJ/,null,0,[],[0],33400,2687937
ddlovato,https://www.instagram.com/p/BvaCTqfhaJo/,null,0,[],[0],65900,3946903
ddlovato,https://www.instagram.com/p/BurjlhZhm04/,winterstone,385000,[],[0],83200,4686840
taylorswift,https://www.instagram.com/p/BxQR2ueDMIx/,null,0,[],[0],0,1348781
taylorswift,https://www.instagram.com/p/BxP5a1gDeMY/,null,0,[],[0],0,1581430
taylorswift,https://www.instagram.com/p/Bw8b6sODVlG/,null,0,[],[0],0,1877439
taylorswift,https://www.instagram.com/p/Bw76TISDiTG/,paulaabdul,277000,[],[0],0,1770415
taylorswift,https://www.instagram.com/p/Bw0ENivhFnv/,brendonurie,4400000,[],[0],0,1475976
taylorswift,https://www.instagram.com/p/BwxLnI0jy7Y/,null,0,[],[0],0,1460224
taylorswift,https://www.instagram.com/p/BwvD0AsDuCi/,null,0,[],[0],0,2489445
taylorswift,https://www.instagram.com/p/BwuN0aEjHu9/,null,0,[],[0],0,2551226
justinbieber,https://www.instagram.com/p/BxViZgsHpjN/,null,0,"['elwariato', 'fitlovers']","[[0], [0]]",13500,1491501
justinbieber,https://www.instagram.com/p/BxPuMyGHsQo/,null,0,[],[0],17100,1601555
justinbieber,https://www.instagram.com/p/BxNkkf7n6MD/,teddysphotos,28800000,[],[0],21400,2531098
justinbieber,https://www.instagram.com/p/BxKksJinRb7/,null,0,"['friday', 'idontcare']","[[0], [0]]",21400,1892459
justinbieber,https://www.instagram.com/p/BxKhzn_HsX4/,null,0,[],[0],15,701433
justinbieber,https://www.instagram.com/p/BxJIPWkHvJ2/,null,0,[],[0],423,801432
justinbieber,https://www.instagram.com/p/BxIW87Zn__4/,null,0,[],[0],91,1134062
khloekardashian,https://www.instagram.com/p/BxZ7E1_BZaX/,miyakemakeup,27100,[],[0],483,1121730
khloekardashian,https://www.instagram.com/p/BxZ2OiHhghJ/,null,0,[],[0],209,1222017
khloekardashian,https://www.instagram.com/p/BxXlTqYhRpl/,null,0,[],[0],17700,3070267
khloekardashian,https://www.instagram.com/p/BxAGjy1F7Mh/,null,0,[],[0],549,1412767
khloekardashian,https://www.instagram.com/p/Bw__odslvzq/,dipd_n_dripd,32000,[],[0],858,575836
khloekardashian,https://www.instagram.com/p/Bw7PwkklAjh/,null,0,[],[0],942,1393965
khloekardashian,https://www.instagram.com/p/Bw2fQIdhf0x/,null,0,[],[0],13200,2379453
khloekardashian,https://www.instagram.com/p/Bw2GQkchyjk/,null,0,[],[0],614,369586
khloekardashian,https://www.instagram.com/p/Bw0DDQJhtk_/,andrewfitzsimons,348000,['kuwtk'],[[0]],924,1828654
khloekardashian,https://www.instagram.com/p/BwwrXailIEh/,kimkardashian,138000000,['happykids'],[[0]],17,2101229
khloekardashian,https://www.instagram.com/p/BwvRWXbFh0E/,kkwfragrance,731000,[],[0],5,501901
badgalriri,https://www.instagram.com/p/BxXdKN9nJQl/,null,0,[],[0],67,425673
badgalriri,https://www.instagram.com/p/BxSJW27BeEl/,null,0,['nowplaying'],[[0]],10100,902047
badgalriri,https://www.instagram.com/p/BxSJSeEBOwn/,null,0,[],[0],39700,2979074
badgalriri,https://www.instagram.com/p/BxI-1q7BquL/,null,0,['VeganFashion'],[[0]],15100,1511069
badgalriri,https://www.instagram.com/p/BxAAVNzhORD/,bootsuk,837000,['FENTYBEAUTYxBOOTS'],[[0]],33000,1360611
badgalriri,https://www.instagram.com/p/Bw-h9o0ByDE/,null,0,['FBSUMMERTAKEOVA'],[[0]],12900,1754776
badgalriri,https://www.instagram.com/p/Bw7mel6BOjB/,dennisleupold,103000,['damn'],[[0]],41500,4384173
badgalriri,https://www.instagram.com/p/Bw5H0nyhwrB/,null,0,['amazing'],[[0]],18300,2603443
badgalriri,https://www.instagram.com/p/Bwz5d2zhDD8/,null,0,[],[0],21100,3086014
badgalriri,https://www.instagram.com/p/BwgFC6dBICJ/,null,0,[],[0],18200,2627166
zendaya,https://www.instagram.com/p/Bxah3ZXF64v/,hbo,2700000,[],[0],839,501509
zendaya,https://www.instagram.com/p/BxVJfQhFjFn/,null,0,[],[0],419,1492230
zendaya,https://www.instagram.com/p/BxTehWVlpEB/,tylersphotos,224000,[],[0],631,1851844
zendaya,https://www.instagram.com/p/BxRH19eFqXQ/,null,0,[],[0],440,2254358
zendaya,https://www.instagram.com/p/BxP1SkLl6vB/,euphoria,63100,[],[0],933,2221666
zendaya,https://www.instagram.com/p/BxKrKZGla_K/,null,0,[],[0],44100,5943835
zendaya,https://www.instagram.com/p/BxJcCQVlLC9/,null,0,[],[0],19400,4714762
zendaya,https://www.instagram.com/p/BxID0u9Fv82/,null,0,['SpiderManFarFromHome'],[[0]],23200,2470307
zendaya,https://www.instagram.com/p/BwDJwkXFigR/,null,0,"['TommyxZendaya', 'Flashbacks']","[[0], [0]]",11900,2694738
zendaya,https://www.instagram.com/p/Bu_8F0JFgvr/,null,0,[],[0],53300,6089829
kourtneykardash,https://www.instagram.com/p/BxZ7OdznNDw/,null,0,['ariesbaby'],[[0]],329,1351334
kourtneykardash,https://www.instagram.com/p/BxXkmpQHyIU/,null,0,[],[0],957,1604382
kourtneykardash,https://www.instagram.com/p/BxOA8nRHCen/,poosh,2800000,['DontUseMeth'],[[0]],363,816018
kourtneykardash,https://www.instagram.com/p/BxNoA6_n59R/,realisadiamond,32400,['RealisRare'],[[0]],973,1151628
kourtneykardash,https://www.instagram.com/p/BxLJ01Nndk0/,null,0,[],[0],895,1267109
kourtneykardash,https://www.instagram.com/p/BxIhFvGHQZl/,null,0,[],[0],12500,2560593
kourtneykardash,https://www.instagram.com/p/BxC-vPTnWO6/,null,0,[],[0],304,1916722
kourtneykardash,https://www.instagram.com/p/BxA8KpBnqsK/,null,0,[],[0],11700,2123223
kourtneykardash,https://www.instagram.com/p/BxAetajHqDD/,null,0,[],[0],741,1098904
kourtneykardash,https://www.instagram.com/p/Bw7Rty4HYdD/,null,0,['poosh'],[[0]],444,1819718
kourtneykardash,https://www.instagram.com/p/Bw2ku0UBxvE/,letthelordbewithyou,21500000,[],[0],23600,3293158
kourtneykardash,https://www.instagram.com/p/Bw0XnYFHgoM/,null,0,[],[0],522,1114483
nickiminaj,https://www.instagram.com/p/BxK7m0rH4ty/,null,0,['NM5'],[[0]],32600,1907478
nickiminaj,https://www.instagram.com/p/BxK0XgeHzXl/,null,0,[],[0],53800,3057084
nickiminaj,https://www.instagram.com/p/BvpDWlinmoq/,null,0,['Caiah'],[[0]],233000,2412709
nickiminaj,https://www.instagram.com/p/BvjaB8PnP51/,null,0,['FendiPrintsOn'],[[0]],27000,1390228
nickiminaj,https://www.instagram.com/p/BviQptTHmnd/,null,0,['Zurich'],[[0]],32300,1177945
nickiminaj,https://www.instagram.com/p/BvH0Y5uHqNJ/,null,0,[],[0],10500,3242528
shawnmendes,https://www.instagram.com/p/BxXiXBlHxxo/,null,0,[],[0],645,2990638
shawnmendes,https://www.instagram.com/p/BxPdk4_nRsj/,null,0,"['MYTRUTH', 'mycalvins']","[[0], [0]]",542,3506970
shawnmendes,https://www.instagram.com/p/BxOGdtBnZv0/,null,0,['MYTRUTH'],[[0]],524,6714468
shawnmendes,https://www.instagram.com/p/BxLCikhnxmr/,josiahvandien,359000,[],[0],460,2443805
shawnmendes,https://www.instagram.com/p/BxKimaRHT9s/,null,0,[],[0],910,3327695
shawnmendes,https://www.instagram.com/p/BxIXNy7nvDe/,null,0,['IfICantHaveYou'],[[0]],47800,1576906
emmawatson,https://www.instagram.com/p/Bxav92UgMD4/,zilver,98000,['love'],[[0]],374,432054
emmawatson,https://www.instagram.com/p/Bxav6XPA4qS/,null,0,[],[0],13500,228033
emmawatson,https://www.instagram.com/p/BxS8raQgQg3/,null,0,"['metoo', 'cancer']","[[0], [0]]",936,2160123
emmawatson,https://www.instagram.com/p/BxSrn6fAT6x/,null,0,"['G7', 'metoo', 'rolemodel']","[[0], [0], [0]]",430,2876300
emmawatson,https://www.instagram.com/p/BxSV-Tqg78H/,teatumjones,12000,['metoo'],[[0]],979,2136999
emmawatson,https://www.instagram.com/p/BwQP0AUg5XE/,null,0,[],[0],494,4724353
emmawatson,https://www.instagram.com/p/Bvo0FyIAkzG/,britishfilminstitute,233000,"['BFIFlare', 'alphabet']","[[0], [0]]",27800,1041647
emmawatson,https://www.instagram.com/p/BuvYl0fAwXY/,evawuk,812,['metoo'],[[0]],30100,4477822
emmawatson,https://www.instagram.com/p/BuvQFD-Aoyg/,null,0,['internationalwomensday'],[[0]],40500,3796243
emmawatson,https://www.instagram.com/p/BuuZgmoAGl_/,goodonyou_app,97300,[],[0],63300,1790026
emmawatson,https://www.instagram.com/p/ButtnAaA1ex/,null,0,['kaichengthom'],[[0]],24900,1343347
emmawatson,https://www.instagram.com/p/Bun4mbxApGg/,drdenismukwege,28600,"['g7biarritz', 'typo']","[[0], [0]]",42300,897319
billieeilish,https://www.instagram.com/p/BxPui2elS0u/,billboard,6900000,['animalshumping'],[[0]],36200,3438745
billieeilish,https://www.instagram.com/p/BxOW7XCFoPN/,blohsh,543000,[],[0],34400,3736397
billieeilish,https://www.instagram.com/p/BxJA3_ulg8g/,null,0,['Bill'],[[0]],32900,4184431
billieeilish,https://www.instagram.com/p/Bw8MUD4laP0/,finneas,650000,[],[0],840,4548687
billieeilish,https://www.instagram.com/p/Bw3iweXlarz/,imran_potato,152000,[],[0],19200,3370601
billieeilish,https://www.instagram.com/p/Bw0TWP1F1CM/,joyrichla,196000,[],[0],661,5103106
billieeilish,https://www.instagram.com/p/BwvcV8rl4b_/,vandythepink,176000,[],[0],277,4405830
billieeilish,https://www.instagram.com/p/BwvBHoglLNc/,gigihadid,47600000,[],[0],400,4657105
billieeilish,https://www.instagram.com/p/BwsxfHXF8Nq/,tsuwoop_,86100,[],[0],11500,4712777
jlo,https://www.instagram.com/p/BxK9MyFJ33X/,null,0,[],[0],41400,1141499
jlo,https://www.instagram.com/p/BxI_KEbgdgi/,null,0,[],[0],12400,2368499
jlo,https://www.instagram.com/p/BxG65EsgqEF/,todayshow,2100000,['Medicine'],[[0]],10900,1259366
jlo,https://www.instagram.com/p/BxGWX1BgwcZ/,iamscottevans,136000,[],[0],22000,308698
jlo,https://www.instagram.com/p/BxETMnpARVg/,null,0,[],[0],11400,709446
lelepons,https://www.instagram.com/p/BxaiFZ9lOqm/,null,0,['PalmerayYo'],[[0]],48800,1330792
lelepons,https://www.instagram.com/p/BxQO1pMlGgl/,null,0,[],[0],10500,3493726
lelepons,https://www.instagram.com/p/BxDVb_Alx-Y/,tobypons,223000,[],[0],46900,2742276
lelepons,https://www.instagram.com/p/Bw7pOC4F28b/,null,0,[],[0],46600,2142045
lelepons,https://www.instagram.com/p/Bw2eYiBF4cS/,null,0,[],[0],27600,2841937
lelepons,https://www.instagram.com/p/Bwz1fRCFatX/,hannahstocking,16400000,['beautiful'],[[0]],84300,2447080
zayn,https://www.instagram.com/p/BxFnm1PJgAn/,null,0,[],[0],41700,2342780
zayn,https://www.instagram.com/p/BxFlwoPJIlv/,null,0,[],[0],31500,803696
zayn,https://www.instagram.com/p/BxDWWjbpU--/,null,0,[],[0],21100,2528568
zayn,https://www.instagram.com/p/BwxXWHGJm2V/,null,0,[],[0],563,3039698
zayn,https://www.instagram.com/p/Bv_q_e1p3dB/,thekooples,934000,['ZaynbyTheKooples'],[[0]],248,2357512
zayn,https://www.instagram.com/p/BuQ9QnBn1Le/,null,0,[],[0],249,3800277
zayn,https://www.instagram.com/p/BuJWR1lHQ3I/,null,0,[],[0],826,2686890
zayn,https://www.instagram.com/p/Bt5mS2vHkQH/,null,0,[],[0],16500,2301271
fcbarcelona,https://www.instagram.com/p/BxZmkz2AyMg/,null,0,"['valverdeout', 'ValverdeOut', 'valverdeout', 'valverdeout', 'valverdeout']","[[0], [0], [0], [0], [0]]",22000,1020373
fcbarcelona,https://www.instagram.com/p/BxYJTzFgfaN/,fcbarcelona,70100000,"['ValverdeOut', 'Valverdeout', 'valvardeOut', 'valverdeout']","[[0], [0], [0], [0]]",34900,1135372
fcbarcelona,https://www.instagram.com/p/BxX69u9ga6o/,null,0,"['valverdeout', 'valverdeout', 'valverdeout', 'valverdeout', 'valverdeout', 'valverdeout']","[[0], [0], [0], [0], [0], [0]]",168500,707847
fcbarcelona,https://www.instagram.com/p/BxX10WqgSYr/,kingarturo23oficial,9800000,"['valverdeout', 'valvardeout', 'valverdeout', 'valverdeout', 'valverdeout', 'dembele']","[[0], [0], [0], 3902, 3902, 476148]",101700,1076877
fcbarcelona,https://www.instagram.com/p/BxVakY9ATeG/,sergiroberto,6500000,"['valverdeout', 'ValverdeOut', 'valverdeout', 'valverdeout', 'valverdeout', 'valverdeout']","[3902, 3902, 3902, 3902, 3902, 3902]",839,628478
fcbarcelona,https://www.instagram.com/p/BxSSdmsAB8k/,null,0,"['valverdeout', 'valverdeoutreble']","[3902, 4]",47400,1471477
fcbarcelona,https://www.instagram.com/p/BxPTqfYg5-W/,null,0,[],[0],87200,1652356
fcbarcelona,https://www.instagram.com/p/BxNNLMxgbkR/,null,0,"['valverdeout', 'Valverde', 'ValverdeOut', 'valverdeout', 'bartomeuout', 'valverdeout', 'valverdeout']","[3902, 128461, 3902, 3902, [0], [0], [0]]",120900,1561373
fcbarcelona,https://www.instagram.com/p/BxLPrsqgwaP/,null,0,"['UCL', 'valverdeOUT', 'dembele']","[[0], [0], [0]]",128600,1968037
robertdowneyjr,https://www.instagram.com/p/BxRRUSMAS2O/,null,0,"['tbt', 'bts']","[[0], [0]]",944,7414934
robertdowneyjr,https://www.instagram.com/p/BxMstAsAQ2O/,jalithgow,18100,['TeamDowney'],[[0]],821,826838
robertdowneyjr,https://www.instagram.com/p/BxLboaNAYJO/,null,0,['TeamStark'],[[0]],129,6346293
robertdowneyjr,https://www.instagram.com/p/Bw6O8LNgSrK/,null,0,['tbt'],[[0]],89,11587755
robertdowneyjr,https://www.instagram.com/p/BwvrFpDgqEF/,null,0,['flashbackfriday'],[[0]],93,6681938
robertdowneyjr,https://www.instagram.com/p/BwswHznA9uK/,jimmy_rich,177000,"['tbt', 'bestactor', 'kindofmarvel']","[[0], [0], [0]]",137,7620003
priyankachopra,https://www.instagram.com/p/BxaOXCJn9sm/,null,0,['VineyardVinesForTarget'],[[0]],24400,605543
priyankachopra,https://www.instagram.com/p/BxYAibdHUY4/,null,0,['jasmine'],[[0]],970,957481
priyankachopra,https://www.instagram.com/p/BxX_r-2nJaL/,kevinjonas,4000000,[],[0],12700,793728
priyankachopra,https://www.instagram.com/p/BxXSNzun7tB/,null,0,['MothersDay'],[[0]],418,1084137
priyankachopra,https://www.instagram.com/p/BxWejwknJmL/,null,0,[],[0],334,628573
priyankachopra,https://www.instagram.com/p/BxT8ziNH0ym/,joejonas,10300000,['beetlejuice'],[[0]],39,976445
priyankachopra,https://www.instagram.com/p/BxKxUrLHsCr/,mimi,228000,['MetGala2019'],[[0]],36200,2118384
priyankachopra,https://www.instagram.com/p/BxKwt7cH5pI/,null,0,['MetGala2019'],[[0]],27200,1273016
priyankachopra,https://www.instagram.com/p/BxKv8QyHH0Y/,null,0,['MetGala2019'],[[0]],39100,1436441
priyankachopra,https://www.instagram.com/p/BxJ7rTZHmGz/,null,0,['stupid'],[[0]],63400,1645035
priyankachopra,https://www.instagram.com/p/BxJ7QQRHtzb/,null,0,['mustbeloveonthe'],[[0]],16300,1645941
priyankachopra,https://www.instagram.com/p/BxJ3xOnnO_-/,nickjonas,23800000,['metgala2019'],[[0]],19100,2355869
iamcardib,https://www.instagram.com/p/BxPkZNhhZ4k/,null,0,[],[0],18000,1391825
iamcardib,https://www.instagram.com/p/BxOoHmEBhJZ/,null,0,[],[0],12900,290969
iamcardib,https://www.instagram.com/p/BxN_It3BCaF/,null,0,[],[0],104,2673655
iamcardib,https://www.instagram.com/p/BxLlno8hsBm/,null,0,[],[0],59,1523013
iamcardib,https://www.instagram.com/p/BxK3_urB-cU/,null,0,[],[0],40,1514229
iamcardib,https://www.instagram.com/p/BxJS7XfhRbM/,null,0,[],[0],266,4193836
iamcardib,https://www.instagram.com/p/BxG51hHh074/,null,0,[],[0],79,1424533
iamcardib,https://www.instagram.com/p/BxF1Dm2hMrF/,null,0,[],[0],71,1085156
tomholland2013,https://www.instagram.com/p/BxYLG9dlQX_/,nellichristine,76200,[],[0],44,4082867
tomholland2013,https://www.instagram.com/p/BxQF-5nFzgB/,null,0,[],[0],92,5146114
tomholland2013,https://www.instagram.com/p/BxOSQ8JFKc7/,harryholland64,589000,[],[0],41,3468381
tomholland2013,https://www.instagram.com/p/BxIKz9SlZ2x/,null,0,['nohomo'],[[0]],35,4873097
tomholland2013,https://www.instagram.com/p/BxD7NpyFxZ2/,null,0,[],[0],43,3314120
tomholland2013,https://www.instagram.com/p/BxArcmdlIAO/,null,0,['spidermanfarfromhome'],[[0]],16200,3626781
tomholland2013,https://www.instagram.com/p/Bw9ehThlqsn/,null,0,"['spidermanfarfromhome', 'Crush']","[[0], [0]]",21200,3298284
tomholland2013,https://www.instagram.com/p/Bw73TslFzl2/,dougliman,17600,"['chaoswalking', 'Crush']","[[0], [0]]",14700,2266777
champagnepapi,https://www.instagram.com/p/BxYrLTtgI26/,raptors,1900000,"['2', '2001', 'heartpalpitations', 'sadphillyboy']","[[0], [0], [0], [0]]",15600,1172882
champagnepapi,https://www.instagram.com/p/BxFbi6rl1pt/,null,0,['RepresentationMatters'],[[0]],20600,1061049
champagnepapi,https://www.instagram.com/p/Bw_JXOZgr5s/,null,0,[],[0],23400,968162
champagnepapi,https://www.instagram.com/p/Bw8m400g1Qo/,null,0,['GOAT'],[[0]],16700,2740505
champagnepapi,https://www.instagram.com/p/Bw581Wcg1gh/,antsoulo,51100,[],[0],36300,1201457
champagnepapi,https://www.instagram.com/p/Bw1jMzqF7Nz/,null,0,['TBT'],[[0]],25000,1418012
champagnepapi,https://www.instagram.com/p/Bw1PppMFqDU/,null,0,[],[0],12400,455447
champagnepapi,https://www.instagram.com/p/BwVcA0vgq40/,tiffanycalver,44600,['WEY'],[[0]],15000,929727
champagnepapi,https://www.instagram.com/p/BwUVtfjlXJA/,null,0,['wavey'],[[0]],424,570290
champagnepapi,https://www.instagram.com/p/BwTId9CFaT9/,null,0,['nopromises'],[[0]],686,634726
champagnepapi,https://www.instagram.com/p/BwO7XjYl1S8/,null,0,[],[0],383,1668488
virat.kohli,https://www.instagram.com/p/BxXeQshAWzg/,null,0,['happymothersday'],[[0]],13700,1713366
virat.kohli,https://www.instagram.com/p/BxWLhFfgYik/,null,0,"['GotInked', 'votekar']","[[0], [0]]",10400,2238601
virat.kohli,https://www.instagram.com/p/BxPQohLAeFD/,null,0,[],[0],790,1767820
virat.kohli,https://www.instagram.com/p/BxKigCdghdC/,null,0,[],[0],429,1874805
virat.kohli,https://www.instagram.com/p/BxHchTBACSX/,null,0,['one8'],[[0]],413,1754315
virat.kohli,https://www.instagram.com/p/BxFYB3VAPzj/,null,0,['RCB'],[[0]],567,2315372
virat.kohli,https://www.instagram.com/p/Bw7B285gvko/,null,0,[],[0],548,3933271
virat.kohli,https://www.instagram.com/p/BwynosIg38_/,null,0,"['playbold', 'followme', 'as']","[[0], [0], [0]]",856,1906583
virat.kohli,https://www.instagram.com/p/BwuWGHzgYHZ/,dalesteyn,1200000,['jay_hind'],[[0]],971,1790060
lalalalisa_m,https://www.instagram.com/p/BxYSnEonFYb/,null,0,[],[0],762,2351316
lalalalisa_m,https://www.instagram.com/p/BxYRvHvHFAO/,null,0,[],[0],625,2863255
lalalalisa_m,https://www.instagram.com/p/BxP6U2xnrpq/,null,0,[],[0],575,2467140
lalalalisa_m,https://www.instagram.com/p/BxP5xNpnvuo/,null,0,[],[0],11100,2964525
lalalalisa_m,https://www.instagram.com/p/BxML6JgH8jp/,null,0,[],[0],14300,2739917
lalalalisa_m,https://www.instagram.com/p/BxIck6MHMKN/,null,0,[],[0],901,2872423
lalalalisa_m,https://www.instagram.com/p/BxIcgwIH8va/,null,0,[],[0],10100,2593013
lalalalisa_m,https://www.instagram.com/p/BxIcWDPnpjH/,null,0,[],[0],352,3264765
lalalalisa_m,https://www.instagram.com/p/BxA5gazHyD2/,null,0,[],[0],606,3187701
lalalalisa_m,https://www.instagram.com/p/Bw8naijHZxm/,dualipa,29500000,[],[0],93,2205604
lalalalisa_m,https://www.instagram.com/p/Bwz12U9Hwfj/,null,0,[],[0],190,2974959
aliaabhatt,https://www.instagram.com/p/BxWtBNiHLyP/,sonirazdan,196000,[],[0],723,1487666
aliaabhatt,https://www.instagram.com/p/BxUhw5knhZt/,null,0,['1YearOfRaazi'],[[0]],429,758757
aliaabhatt,https://www.instagram.com/p/BxRDoScnP-Q/,null,0,[],[0],20100,1818838
aliaabhatt,https://www.instagram.com/p/BxPVjTGHR7O/,null,0,[],[0],6,2126264
aliaabhatt,https://www.instagram.com/p/Bw6VeOfHm0-/,null,0,[],[0],32,1661824
aliaabhatt,https://www.instagram.com/p/Bw3obzUnVm9/,ananyapanday,2500000,['HookUpSong'],[[0]],18,1147208
aliaabhatt,https://www.instagram.com/p/Bwy7HcMnNst/,null,0,['HookUpSong'],[[0]],18600,1755980
aliaabhatt,https://www.instagram.com/p/BwwmcRQnXX_/,null,0,['Brahmastra'],[[0]],34500,575460
aliaabhatt,https://www.instagram.com/p/BwwCNeGnxfC/,null,0,['hookupsong'],[[0]],25000,2079201
jamesrodriguez10,https://www.instagram.com/p/BxaXlMfg71-/,null,0,[],[0],50000,872874
jamesrodriguez10,https://www.instagram.com/p/BwhZ4vKAydS/,null,0,[],[0],16700,1776449
jamesrodriguez10,https://www.instagram.com/p/Bwe8uqwAMJ8/,null,0,['OurOtherClub'],[[0]],133,607023
jamesrodriguez10,https://www.instagram.com/p/Bv_3MyQA_qg/,null,0,[],[0],77400,1557476
jamesrodriguez10,https://www.instagram.com/p/BvehtkdA37-/,null,0,[],[0],262,670928
jamesrodriguez10,https://www.instagram.com/p/BvUD_H-gBEo/,null,0,[],[0],11200,1268285
jamesrodriguez10,https://www.instagram.com/p/BvL9ezRA_kO/,null,0,[],[0],12400,1613137
jamesrodriguez10,https://www.instagram.com/p/BvHyKWKAlo5/,null,0,['MiaSanMia'],[[0]],496,1909068
jamesrodriguez10,https://www.instagram.com/p/BuzAluSgWSU/,null,0,[],[0],354,1197811
jamesrodriguez10,https://www.instagram.com/p/Buo6gWBA1sc/,null,0,[],[0],944,1354614
jamesrodriguez10,https://www.instagram.com/p/BuhSwQlgRqb/,null,0,[],[0],592,812600
jamesrodriguez10,https://www.instagram.com/p/BuFb1nvg3vX/,null,0,[],[0],481,1508985
ladygaga,https://www.instagram.com/p/BxTTd6OFOT3/,null,0,['hausofgaga'],[[0]],238,950460
ladygaga,https://www.instagram.com/p/BxTKqMvlDdS/,null,0,['help'],[[0]],692,1120107
ladygaga,https://www.instagram.com/p/BxNjtduF9gp/,brandonmaxwell,493000,['metgala'],[[0]],763,1560417
ladygaga,https://www.instagram.com/p/BxLi59BFvNn/,tiffanyandco,10400000,[],[0],23,1361753
ladygaga,https://www.instagram.com/p/BxJak8oFqXr/,null,0,"['METGALA', 'love']","[[0], [0]]",148,2451994
ladygaga,https://www.instagram.com/p/BxJZ9S4FaVU/,null,0,"['METGALA', '2']","[[0], [0]]",499,1459094
ladygaga,https://www.instagram.com/p/BxJZj-yFSir/,null,0,"['METGALA', 'metgaga', 'metgala2019']","[[0], [0], [0]]",89,1254355
ladygaga,https://www.instagram.com/p/BxJZGoKFf8e/,null,0,"['METGALA', 'METGALA']","[[0], [0]]",587,1241911
ladygaga,https://www.instagram.com/p/BxGZ13fl9-l/,null,0,[],[0],12700,2233039
ladygaga,https://www.instagram.com/p/BxD1aLnlEpZ/,null,0,['MetGala'],[[0]],12100,1816111
ladygaga,https://www.instagram.com/p/BxBVDqgliMT/,null,0,"['MetGala', 'naturalbeautyqueen']","[[0], [0]]",600,2656004
ladygaga,https://www.instagram.com/p/Bu7XmlMFa_j/,null,0,[],[0],15900,1556341
emilia_clarke,https://www.instagram.com/p/BxZ_X27FLVU/,gameofthrones,10000000,['soshockingitblewmywigoff'],[[0]],515,3064113
emilia_clarke,https://www.instagram.com/p/BxObgz6FRlG/,null,0,['drogonyouhavemyheart4lyfe'],[[0]],33700,4693339
emilia_clarke,https://www.instagram.com/p/Bw2dNDsl81s/,null,0,['onlyatomaze'],[[0]],22000,2197921
emilia_clarke,https://www.instagram.com/p/Bw1_dtGFoQK/,null,0,['serjorahforlyfe'],[[0]],26600,5581208
emilia_clarke,https://www.instagram.com/p/Bww7qU7lccf/,null,0,"['foxyroxy', 'barkhappy']","[[0], [0]]",10800,1167911
emilia_clarke,https://www.instagram.com/p/Bwp245BFVW-/,null,0,[],[0],41200,2902410
emilia_clarke,https://www.instagram.com/p/BwmNxfCF5S-/,null,0,['kitharrington'],[[0]],610,3724909
emilia_clarke,https://www.instagram.com/p/BwmExLclZ3z/,voguespain,1300000,['ifonlyiwokeuplikethat'],[[0]],761,2408552
emilia_clarke,https://www.instagram.com/p/Bwalu-tlssN/,null,0,"['artlivesandbreathes', 'hero']","[[0], [0]]",79,1612885
blakelively,https://www.instagram.com/p/BxVDv-XgDzc/,null,0,[],[0],15000,4090729
blakelively,https://www.instagram.com/p/BsftoRtAAuI/,djquintero,16600,[],[0],20400,2727480
blakelively,https://www.instagram.com/p/BsWS_HzgFxl/,louboutinworld,12400000,['2019'],[[0]],23000,1500644
blakelively,https://www.instagram.com/p/BrJOXxtnQRr/,amytags,2102,[],[0],588,1979166
blakelively,https://www.instagram.com/p/Bq83ukTHajx/,null,0,[],[0],74,2131918
blakelively,https://www.instagram.com/p/Bqfm2uQHupT/,null,0,['gossipgirl'],[[0]],12100,2901829
blakelively,https://www.instagram.com/p/BqA9NeCn3MS/,null,0,[],[0],691,728315
blakelively,https://www.instagram.com/p/BpRyHBpgS3J/,vancityreynolds,30200000,['justvoted'],[[0]],169,3417039
blakelively,https://www.instagram.com/p/BopHfVzAmdz/,sophiatravaglia,1134,['Pusegav'],[[0]],596,2796815
blakelively,https://www.instagram.com/p/BoSHsuVAaxb/,thomastheboxer,124000,[],[0],429,2105337
blakelively,https://www.instagram.com/p/Bn4gzYsHZor/,null,0,[],[0],155,1220858
blakelively,https://www.instagram.com/p/Bn4ccJmHHFm/,ralphlauren,10400000,[],[0],815,1441225
gigihadid,https://www.instagram.com/p/BxXjiqznSXI/,bellahadid,24300000,[],[0],76,578783
gigihadid,https://www.instagram.com/p/BxXfWIdnGbD/,null,0,[],[0],196,428758
gigihadid,https://www.instagram.com/p/BxVccz-nMIY/,null,0,"['itonlyhappensatsunglasshut', 'beauty']","[[0], [0]]",275,995682
gigihadid,https://www.instagram.com/p/BxSYgXFn501/,michaelkors,14500000,['vitas'],[[0]],696,1195878
gigihadid,https://www.instagram.com/p/BxP5ohVn04x/,null,0,['PradaSS19'],[12318],356,1151418
gigihadid,https://www.instagram.com/p/BxLArYiHPhD/,null,0,[],[0],231,1673283
gigihadid,https://www.instagram.com/p/BxK_Y72HmHA/,null,0,[],[0],10800,1965611
gigihadid,https://www.instagram.com/p/BxC_-alHv-R/,lilmami_lani,128000,[],[0],14700,1025829
gigihadid,https://www.instagram.com/p/BxAKKZnHGRY/,null,0,['olivierrizzo'],[12222],15100,1014947
gigihadid,https://www.instagram.com/p/Bw9V9XuHb-x/,null,0,[],[0],21,1153082
gigihadid,https://www.instagram.com/p/Bw7E-EXHOqc/,null,0,[],[0],682,526944
lilireinhart,https://www.instagram.com/p/BxKs-0DgdoF/,davestanwell,34400,[],[0],670,2924745
lilireinhart,https://www.instagram.com/p/BxKsh06gwvV/,null,0,[],[0],920,3249311
lilireinhart,https://www.instagram.com/p/Bw7hlDKgCd4/,null,0,['riverdale'],[5614708],20500,1961175
lilireinhart,https://www.instagram.com/p/BwhwCJHAkQY/,null,0,[],[0],784,4112214
lilireinhart,https://www.instagram.com/p/BwD3IPJAKYU/,null,0,[],[0],20800,1670214
lilireinhart,https://www.instagram.com/p/BvcukE8AMuG/,null,0,[],[0],19100,4697057
lilireinhart,https://www.instagram.com/p/BvCQYRVgys4/,null,0,['fivefeetapart'],[64586],321,3114038
lilireinhart,https://www.instagram.com/p/BuwffB7g8cK/,null,0,['favouritecouple'],[21070],10200,5743251
lilireinhart,https://www.instagram.com/p/BujmsmnAt8M/,maisonvalentino,12300000,['riverdale'],[5614708],30600,2899062
lilireinhart,https://www.instagram.com/p/Buc1gyZAaMQ/,null,0,[],[0],847,5256844
lilireinhart,https://www.instagram.com/p/BuVcpxSA3Ja/,null,0,[],[0],44400,2316295
chrishemsworth,https://www.instagram.com/p/BxZxlzwhHcp/,null,0,['redbullcapefear'],[2212],14800,1354899
chrishemsworth,https://www.instagram.com/p/BxXBr6dButl/,null,0,['mum'],[11604039],17200,3617717
chrishemsworth,https://www.instagram.com/p/BxGJcylp6Lu/,null,0,['chrisevans'],[1971551],15500,3783115
chrishemsworth,https://www.instagram.com/p/Bwy4s4PjpPN/,null,0,['scarlettjohansson'],[1182475],23600,5234306
chrishemsworth,https://www.instagram.com/p/BwnGTKUnT4Z/,null,0,['avengersendgame'],[2565332],818,5149476
chrishemsworth,https://www.instagram.com/p/Bwbvdx6DAGR/,null,0,[],[0],428,2436909
zacefron,https://www.instagram.com/p/BxP-2W6HFBE/,brianhammers,1771,[],[0],25400,1237027
zacefron,https://www.instagram.com/p/BxA-QbjnEls/,tribeca,274000,[],[0],769,1702959
zacefron,https://www.instagram.com/p/Bw-VadznpmR/,theellenshow,71700000,[],[0],18500,1323006
zacefron,https://www.instagram.com/p/Bw7fY5TH9P-/,jimmykimmel,2000000,['Kimmel'],[34327],10300,809756
zacefron,https://www.instagram.com/p/BwrmGCVlcwU/,lilyjcollins,15100000,['extremelywicked'],[2573],11300,2973242
zacefron,https://www.instagram.com/p/BwnUPMsH3Pa/,null,0,"['londontown', 'soyjovenfuerte']","[1325039, 474]",17100,1991624
zacefron,https://www.instagram.com/p/Bwk6N4qFYJV/,netflix,14600000,"['extremelywicked', 'extremelywicked']","[2573, 2573]",21200,1292015
kingjames,https://www.instagram.com/p/BxVV27vBO7d/,null,0,[],[0],12600,1667882
kingjames,https://www.instagram.com/p/BxTL8cAASww/,mavcarter,209000,[],[0],28800,546320
kingjames,https://www.instagram.com/p/BxLavu5gIxH/,null,0,[],[0],22400,1053595
kingjames,https://www.instagram.com/p/BxF8_QKBw7x/,null,0,[],[0],832,830733
kingjames,https://www.instagram.com/p/Bw0PLt6AHLL/,carmeloanthony,6400000,['Authentic'],[10165986],10900,863367
kingjames,https://www.instagram.com/p/BwyMmA4Adkr/,null,0,"['familygoals', 'freequotes', 'striveforgreatness']","[6340233, 60355, 2253253]",911,1596776
kingjames,https://www.instagram.com/p/BwkQBjXhOG6/,pr_rwtw,34700,"['DONCHEADLE', 'Elevate']","[52082, 993833]",429,809267
camila_cabello,https://www.instagram.com/p/BxTPGClB_Qz/,null,0,[],[0],104,1635667
camila_cabello,https://www.instagram.com/p/BxN_nbTpn6v/,null,0,['BuyBackToYouOniTunes'],[142],189,1956313
camila_cabello,https://www.instagram.com/p/BxNBq4Qjg-6/,null,0,['Vanatta'],[56],337,1403048
camila_cabello,https://www.instagram.com/p/BxDZShMno_u/,chrisblockd,10000,[],[0],79,817361
camila_cabello,https://www.instagram.com/p/BwxvKKljnY_/,null,0,[],[0],699,1432589
camila_cabello,https://www.instagram.com/p/BwxuIGrHJkm/,null,0,[],[0],416,858930
camila_cabello,https://www.instagram.com/p/BwxkDdInMH7/,null,0,[],[0],246,1646956
camila_cabello,https://www.instagram.com/p/Bwf2CLrDMhz/,ash_kholm,520000,[],[0],355,1830698
camila_cabello,https://www.instagram.com/p/Bwa97yLjoXi/,null,0,[],[0],747,1018423
camila_cabello,https://www.instagram.com/p/BwI6Pr8D7X4/,null,0,[],[0],949,2163739
camila_cabello,https://www.instagram.com/p/BwDC-o_jcC4/,null,0,['SilverFox'],[447645],539,1845768
mosalah,https://www.instagram.com/p/BxaiuPDB_O0/,null,0,['Repost'],[402871758],178,893957
mosalah,https://www.instagram.com/p/BxZp_NsBnfX/,null,0,[],[0],425,1306043
mosalah,https://www.instagram.com/p/BxYAvZuBldb/,null,0,[],[0],709,2888103
mosalah,https://www.instagram.com/p/BxS93Aahxbz/,null,0,[],[0],578,1169463
mosalah,https://www.instagram.com/p/BxLdcphgG44/,null,0,['SHARE'],[19331437],623,3705716
mosalah,https://www.instagram.com/p/BwxNYkeACNA/,null,0,[],[0],933,1866788
mosalah,https://www.instagram.com/p/BwqxAa_AaJl/,null,0,[],[0],634,2278644
mosalah,https://www.instagram.com/p/Bwo6Orhg1ep/,null,0,['time100'],[63800],229400,2092189
mosalah,https://www.instagram.com/p/BwnGbr8htQ1/,null,0,[],[0],18400,2709123
mosalah,https://www.instagram.com/p/BweR0RtAWXh/,null,0,['warstdunichtManCityFan'],[[0]],17200,1552529
jennierubyjane,https://www.instagram.com/p/BxZ9EqNnu9l/,gentlemonster,366000,[],[0],20700,904223
jennierubyjane,https://www.instagram.com/p/BxT-AA-HfHh/,chanelofficial,34600000,['ad'],[8857307],17700,3090510
jennierubyjane,https://www.instagram.com/p/BxL3NgFH97l/,null,0,['ninicam'],[29773],22900,1567807
jennierubyjane,https://www.instagram.com/p/BxL0alXHJM9/,null,0,[],[0],13300,2807556
jennierubyjane,https://www.instagram.com/p/BxLzc5-HN8s/,null,0,[],[0],30500,1792029
jennierubyjane,https://www.instagram.com/p/BxGwMRXnmbB/,blackpinkofficial,18400000,[],[0],327,2179029
jennierubyjane,https://www.instagram.com/p/BxGvH8KnHTa/,adidasoriginals,33500000,[],[0],51500,2753796
jennierubyjane,https://www.instagram.com/p/BxEPOGenWb-/,null,0,[],[0],22300,2644964
jennierubyjane,https://www.instagram.com/p/Bw8kdIMn5dV/,null,0,[],[0],18052,2768270
jennierubyjane,https://www.instagram.com/p/Bw7uSEMHhMQ/,null,0,[],[0],18052,2998173
jennierubyjane,https://www.instagram.com/p/Bw3HvHsnGw1/,null,0,[],[0],18052,2374650
realmadrid,https://www.instagram.com/p/BxZXpt4JYGq/,brahim,940000,"['RMLiga', 'we', 'Hala_madrid']","[225021, 11544491, 518060]",18052,704954
realmadrid,https://www.instagram.com/p/BxX14ZoJ-hq/,null,0,"['RMLiga', 'HalaMadrid', 'HalaMadrid', 'modric', 'navasquedate']","[225021, 8574696, 8574696, 871516, 1]",18052,868576
realmadrid,https://www.instagram.com/p/BxRodkpp6jE/,viniciusjunior,6400000,['HalaMadrid'],[8574696],18052,813633
realmadrid,https://www.instagram.com/p/BxNPe3SpPmZ/,marcelotwelve,37700000,['RMCity'],[[0]],18052,1121254
realmadrid,https://www.instagram.com/p/BxHRnLOpQFQ/,jesusvallejo1997,633000,"['RMLiga', 'agsu']","[[0], [0]]",18052,557343
realmadrid,https://www.instagram.com/p/BxFkvOUJyk_/,marianodiazmejia,1800000,['Emirates'],[[0]],18052,887164
realmadrid,https://www.instagram.com/p/BxFZVAzJUOP/,null,0,['FuerzaIker'],[[0]],18052,2159479
vancityreynolds,https://www.instagram.com/p/BxaDmu-BGUT/,null,0,"['XMenDay', '2', 'DeadPool3', 'familyisnotafword']","[[0], [0], [0], [0]]",18052,1235525
vancityreynolds,https://www.instagram.com/p/BxXg0LiB7ub/,null,0,['arbaeenwalk'],[[0]],18052,1274699
vancityreynolds,https://www.instagram.com/p/BwriN2EBbUn/,null,0,"['DetectivePikachu', 'supportluke', 'DetectivePikachu']","[[0], [0], [0]]",18052,1486573
vancityreynolds,https://www.instagram.com/p/BwmbzgihQPf/,serafinosays,83800,['DetectivePikachu'],[[0]],18052,1504996
vancityreynolds,https://www.instagram.com/p/BwgFyFKhGkn/,ilariaurbinati,170000,"['detectivepikachu', 'detectivepikachumovie']","[[0], [0]]",18052,2567155
vancityreynolds,https://www.instagram.com/p/BwYSQz1ByrD/,null,0,['HitmansBodyguard2'],[[0]],18052,1712035
vancityreynolds,https://www.instagram.com/p/BwRX9LjBK-H/,null,0,['MaximumEffort'],[[0]],18052,1571778
mileycyrus,https://www.instagram.com/p/BxWCxUAAZEE/,null,0,[],[0],18052,651128
mileycyrus,https://www.instagram.com/p/BxWBZ0aAoTm/,diggzy,97300,[],[0],18052,703602
mileycyrus,https://www.instagram.com/p/BxV_9zYAMe_/,null,0,[],[0],18052,1020349
mileycyrus,https://www.instagram.com/p/BxS2nZ8gCBO/,null,0,[],[0],18052,1558323
mileycyrus,https://www.instagram.com/p/BxS2jMpAcpJ/,null,0,[],[0],18052,1970252
mileycyrus,https://www.instagram.com/p/BxS2eLYgXy4/,null,0,[],[0],18052,583544
mileycyrus,https://www.instagram.com/p/BxN72nUB9W4/,null,0,[],[0],18052,1360368
mileycyrus,https://www.instagram.com/p/BxLrqgRhHZr/,null,0,[],[0],18052,1256635
jamescharles,https://www.instagram.com/p/BxJDgUsgi26/,youtube,19500000,[],[0],18052,3716410
