posted by,post url,tagges users,tagged users followers,tags,tag post totals
cristiano,https://www.instagram.com/p/BxBCZkZg39M/,null,0,['finoallafine'],[2029020]
cristiano,https://www.instagram.com/p/Bw5BLO8gj3h/,cr7_footwear,1100000,['ayemose'],[131]
cristiano,https://www.instagram.com/p/Bw4oZrMgA2k/,juventus,25700000,['TopTraining'],[19980]
cristiano,https://www.instagram.com/p/BwzC96LggFK/,nikefootball,37600000,[],[0]
cristiano,https://www.instagram.com/p/BwumY9ZAY9K/,null,0,[],[0]
cristiano,https://www.instagram.com/p/Bwt33YNgXSu/,null,0,[],[0]
cristiano,https://www.instagram.com/p/Bwp15DWAsAA/,null,0,['CR7NikeMercurial'],[409]
cristiano,https://www.instagram.com/p/BwpO70gALxz/,null,0,[],[0]
cristiano,https://www.instagram.com/p/BwmyBuclxzo/,null,0,['late'],[6144417]
selenagomez,https://www.instagram.com/p/Bw9_ilQAOWM/,krahs,361000,['sdv'],[6229771]
selenagomez,https://www.instagram.com/p/Bw7MF0yAnHZ/,oprah,16200000,['MJINNOCENT'],[105566]
selenagomez,https://www.instagram.com/p/Bw2Q-cxANIV/,null,0,[],[0]
selenagomez,https://www.instagram.com/p/BwNMDqvAQ7_/,null,0,[],[0]
selenagomez,https://www.instagram.com/p/Bv4q6GPAeML/,null,0,[],[0]
selenagomez,https://www.instagram.com/p/BvpKdVmggr4/,coach,3800000,['CoachNY'],[73555]
selenagomez,https://www.instagram.com/p/Bvkm1bkAfWv/,null,0,[],[0]
selenagomez,https://www.instagram.com/p/BvSAdFYAEau/,null,0,['CoachNY'],[73555]
selenagomez,https://www.instagram.com/p/Bu6um0bg4c2/,jbalvin,28700000,[],[0]
kyliejenner,https://www.instagram.com/p/BxBtllKHlYk/,null,0,[],[0]
kyliejenner,https://www.instagram.com/p/BxBstglHLvy/,null,0,[],[0]
kyliejenner,https://www.instagram.com/p/BxBP9JAHFpH/,null,0,[],[0]
kyliejenner,https://www.instagram.com/p/Bw41A7EnDcB/,null,0,[],[0]
kyliejenner,https://www.instagram.com/p/Bw1-tOrHREG/,null,0,['Kybrow'],[1451]
kyliejenner,https://www.instagram.com/p/Bwu-U-ynRkC/,kyliecosmetics,20300000,[],[0]
kyliejenner,https://www.instagram.com/p/Bwut_1Qnppo/,null,0,[],[0]
kyliejenner,https://www.instagram.com/p/BwtMv6WnDqc/,null,0,[],[0]
kyliejenner,https://www.instagram.com/p/BwtLmnnHArw/,null,0,[],[0]
kyliejenner,https://www.instagram.com/p/BwsHFurnAPO/,null,0,[],[0]
kyliejenner,https://www.instagram.com/p/BwpaDnpnXnK/,cesar4styles,306000,"['Kybrow', 'suziecosmetic']","[1451, 1]"
leomessi,https://www.instagram.com/p/BxFc58nFwpN/,null,0,[],[0]
leomessi,https://www.instagram.com/p/BxFQvSClQLT/,null,0,[],[0]
leomessi,https://www.instagram.com/p/BxCljwiFN-F/,null,0,[],[0]
leomessi,https://www.instagram.com/p/Bw_y8PGFL3h/,xavi,3100000,[],[0]
leomessi,https://www.instagram.com/p/Bw76bHQlyDE/,null,0,[],[0]
leomessi,https://www.instagram.com/p/BwxoMQflAf6/,null,0,[],[0]
leomessi,https://www.instagram.com/p/BwrsbCaFIE4/,miguelruizfcb,1500000,[],[0]
leomessi,https://www.instagram.com/p/Bwj5AazFW8h/,pastisseriabaires,5423,[],[0]
leomessi,https://www.instagram.com/p/BwcuvsZlYk-/,null,0,[],[0]
leomessi,https://www.instagram.com/p/BwbrwTxlrY4/,otro,717000,['OurOtherClub'],[3507]
leomessi,https://www.instagram.com/p/BwW7IGEldl3/,null,0,['ultraboost'],[2486536]
arianagrande,https://www.instagram.com/p/BxIbexlFOvX/,alfredoflores,2500000,[],[0]
arianagrande,https://www.instagram.com/p/BxGAIMolfs-/,null,0,[],[0]
arianagrande,https://www.instagram.com/p/BxF36AvlpBB/,chinchilla,247000,[],[0]
arianagrande,https://www.instagram.com/p/BxBrbrDFOqk/,iamskot,398000,[],[0]
arianagrande,https://www.instagram.com/p/BxA8PWSlEAx/,null,0,[],[0]
arianagrande,https://www.instagram.com/p/BxA7AOFljJ3/,allthingsmean,38300,[],[0]
arianagrande,https://www.instagram.com/p/Bw-N8mGl4l5/,sweetener,1200000,[],[0]
arianagrande,https://www.instagram.com/p/Bw7uGkOFAYZ/,billboard,6800000,[],[0]
arianagrande,https://www.instagram.com/p/BwzqF9ulF_u/,null,0,[],[0]
kimkardashian,https://www.instagram.com/p/BxH0HvKnwiD/,versace,17600000,[],[0]
kimkardashian,https://www.instagram.com/p/BxFQ8UcHya3/,null,0,[],[0]
kimkardashian,https://www.instagram.com/p/BxELtPKHAuR/,null,0,[],[0]
kimkardashian,https://www.instagram.com/p/BxDAl-EnwZR/,null,0,[],[0]
kimkardashian,https://www.instagram.com/p/BxAbFUSnZE6/,carolinalemkeberlin,74500,[],[0]
kimkardashian,https://www.instagram.com/p/Bw-ObbCHTXc/,null,0,[],[0]
kimkardashian,https://www.instagram.com/p/Bw8h_EmHkrn/,null,0,[],[0]
kimkardashian,https://www.instagram.com/p/Bw4emzenx1e/,null,0,[],[0]
kimkardashian,https://www.instagram.com/p/Bw11DoHHPD8/,null,0,[],[0]
kimkardashian,https://www.instagram.com/p/Bwwyz6JnL98/,null,0,[],[0]
kimkardashian,https://www.instagram.com/p/BwuiALqnkCM/,null,0,"['f4f', 'f4f', 'followme']","[194332349, 194332351, 479781011]"
kimkardashian,https://www.instagram.com/p/BwpY_--BTF7/,null,0,[],[0]
beyonce,https://www.instagram.com/p/BwuYGa7BR4u/,null,0,[],[0]
beyonce,https://www.instagram.com/p/BwuX3GJBYyI/,null,0,[],[0]
beyonce,https://www.instagram.com/p/BwWS0E0nFyY/,null,0,['Pac'],[670289]
beyonce,https://www.instagram.com/p/Bvu4twaAIhy/,null,0,['followme'],[479781006]
beyonce,https://www.instagram.com/p/BvqWGwqgOU9/,null,0,[],[0]
beyonce,https://www.instagram.com/p/BvqMI__guBn/,null,0,['ONELOVE'],[12746550]
beyonce,https://www.instagram.com/p/BvlaCbIAUg7/,null,0,['ONELOVE'],[12746550]
beyonce,https://www.instagram.com/p/BvlTDzAA_Lx/,null,0,[],[0]
beyonce,https://www.instagram.com/p/BvlN-ykAOy7/,null,0,[],[0]
therock,https://www.instagram.com/p/BxGCkOZH8jG/,null,0,['Jumanji'],[372200]
therock,https://www.instagram.com/p/Bw_AwddHFpK/,null,0,['Dhope'],[6577]
therock,https://www.instagram.com/p/Bw-EQ8PHi1f/,null,0,[],[0]
therock,https://www.instagram.com/p/Bw95ppeHi2D/,null,0,['birthdayclangandbang'],[60]
therock,https://www.instagram.com/p/Bw6-gC6Hlfj/,null,0,['WheelsUp'],[260489]
therock,https://www.instagram.com/p/Bw4vACVHVCz/,null,0,['ironparadise'],[148958]
instagram,https://www.instagram.com/p/BxIXhmKhT86/,the_hula,249000,['APAheritagemonth'],[1265]
instagram,https://www.instagram.com/p/BxAr5CTBs0X/,ruby_marylennox,119000,[],[0]
instagram,https://www.instagram.com/p/Bw-ltRZhy2m/,null,0,['WHPgoingplaces'],[14101]
instagram,https://www.instagram.com/p/Bw-V6TyhBMd/,theconeycats,10600,['WeeklyFluff'],[11070835]
instagram,https://www.instagram.com/p/Bw-Ek4_BNxq/,sashapieterse,9300000,"['RealConvo', 'veraellerbrock', 'ifollowback']","[5328, 1105, 8484672]"
instagram,https://www.instagram.com/p/Bw8A8wQhWga/,null,0,"['WHPgoingplaces', 'veraellerbrock']","[14101, 1105]"
instagram,https://www.instagram.com/p/Bw5cxALhdlM/,null,0,"['WHPgoingplaces', 'veraellerbrock']","[14101, 1105]"
instagram,https://www.instagram.com/p/Bw5Fn3CByvy/,mosseri,115000,"['F8', 'veraellerbrock']","[199863, 1105]"
instagram,https://www.instagram.com/p/Bw22vjdBJ22/,null,0,['WHPgoingplaces'],[14101]
instagram,https://www.instagram.com/p/BwxQkpKgHr6/,null,0,"['NationalPoetryMonth', 'veraellerbrock', 'tnes']","[149313, [0], [0]]"
kendalljenner,https://www.instagram.com/p/Bwuc88uj0qb/,null,0,[],[0]
kendalljenner,https://www.instagram.com/p/BwsPnjwDRCk/,mrmikerosenthal,171000,['MOONbyKendall'],[[0]]
kendalljenner,https://www.instagram.com/p/Bwmxkn0DK_O/,null,0,['moon_partner'],[[0]]
kendalljenner,https://www.instagram.com/p/Bwe9AjlD8ij/,null,0,[],[0]
kendalljenner,https://www.instagram.com/p/Bwe8vOMjsBB/,null,0,[],[0]
kendalljenner,https://www.instagram.com/p/BwchlkcDujH/,null,0,['MYCALVINS'],[[0]]
kendalljenner,https://www.instagram.com/p/BwXkMU3jtgZ/,null,0,['TiffanyT'],[[0]]
kendalljenner,https://www.instagram.com/p/BwVDRu2jBWM/,null,0,['pankazzzz'],[[0]]
kendalljenner,https://www.instagram.com/p/BwUuCp6DvkJ/,sashasamsonova,583000,[],[0]
kendalljenner,https://www.instagram.com/p/BwSMhLejdra/,null,0,[],[0]
kendalljenner,https://www.instagram.com/p/BwN_9R5D3RG/,null,0,['coachella'],[[0]]
neymarjr,https://www.instagram.com/p/BxFONgOg6If/,null,0,[],[0]
neymarjr,https://www.instagram.com/p/Bw-fFuKADzw/,null,0,[],[0]
neymarjr,https://www.instagram.com/p/Bw-XUwAg2Az/,null,0,[],[0]
neymarjr,https://www.instagram.com/p/Bw-NBZ1gfY4/,null,0,[],[0]
neymarjr,https://www.instagram.com/p/Bw4sagvAX-A/,null,0,[],[0]
neymarjr,https://www.instagram.com/p/Bw4DIUvAI1-/,marquinhosm5,2800000,[],[0]
neymarjr,https://www.instagram.com/p/BwxvFtlgutF/,null,0,[],[0]
neymarjr,https://www.instagram.com/p/BwxDeS-ABD5/,null,0,[],[0]
neymarjr,https://www.instagram.com/p/BwrLQtRgqHx/,dieselfragrances,18100,['ad'],[[0]]
khloekardashian,https://www.instagram.com/p/BxAGjy1F7Mh/,null,0,[],[0]
khloekardashian,https://www.instagram.com/p/Bw__odslvzq/,dipd_n_dripd,32000,[],[0]
khloekardashian,https://www.instagram.com/p/Bw7PwkklAjh/,null,0,[],[0]
khloekardashian,https://www.instagram.com/p/Bw2fQIdhf0x/,null,0,[],[0]
khloekardashian,https://www.instagram.com/p/Bw2GQkchyjk/,null,0,[],[0]
khloekardashian,https://www.instagram.com/p/Bw0DDQJhtk_/,andrewfitzsimons,346000,[],[0]
khloekardashian,https://www.instagram.com/p/BwwrXailIEh/,kimkardashian,137000000,['sisters'],[[0]]
khloekardashian,https://www.instagram.com/p/BwvRWXbFh0E/,kkwfragrance,730000,[],[0]
khloekardashian,https://www.instagram.com/p/BwrlTzSBEc2/,ash_kholm,518000,['khloe'],[[0]]
khloekardashian,https://www.instagram.com/p/BwpxmD3BkI_/,null,0,[],[0]
khloekardashian,https://www.instagram.com/p/Bwjx154ha59/,malika,4200000,['PromotePeace'],[[0]]
khloekardashian,https://www.instagram.com/p/BwjxXjYBa0C/,null,0,[],[0]
ddlovato,https://www.instagram.com/p/BwcuRDuhx-r/,1chrislight,5677,"['bathtub', '24hourswithoutplastic', '24hourswithoutplastic', 'demilovato']","[[0], [0], [0], [0]]"
ddlovato,https://www.instagram.com/p/BwLIsTBBFIJ/,null,0,['demilovatocometoizmir'],[[0]]
ddlovato,https://www.instagram.com/p/BwGWplnBNjJ/,null,0,[],[0]
ddlovato,https://www.instagram.com/p/BvaCTqfhaJo/,null,0,[],[0]
ddlovato,https://www.instagram.com/p/BurjlhZhm04/,winterstone,380000,[],[0]
ddlovato,https://www.instagram.com/p/Bsn-ExchUAX/,null,0,['MrandMrsSmith'],[[0]]
ddlovato,https://www.instagram.com/p/BrgzYehBgdo/,recordingacademy,1500000,"['LoveCertified', 'TravelCertified']","[[0], [0]]"
ddlovato,https://www.instagram.com/p/BrEJIAyBzCU/,null,0,['lovatics'],[[0]]
ddlovato,https://www.instagram.com/p/Bq-6cU1h8VX/,null,0,"['BJJ', 'oss']","[[0], [0]]"
ddlovato,https://www.instagram.com/p/Bp2jlPwh53d/,null,0,['VOTE'],[[0]]
justinbieber,https://www.instagram.com/p/BxIW87Zn__4/,null,0,[],[0]
justinbieber,https://www.instagram.com/p/BxIG54_HGQR/,null,0,[],[0]
justinbieber,https://www.instagram.com/p/BxBP_vbnddB/,null,0,[],[0]
justinbieber,https://www.instagram.com/p/BxBMr0aHh5p/,null,0,[],[0]
justinbieber,https://www.instagram.com/p/Bw9nMdMHT_n/,null,0,[],[0]
justinbieber,https://www.instagram.com/p/Bw5dzovnGBV/,null,0,[],[0]
justinbieber,https://www.instagram.com/p/Bw4i7DunCfP/,null,0,[],[0]
justinbieber,https://www.instagram.com/p/Bw4i5tqnQXl/,null,0,[],[0]
justinbieber,https://www.instagram.com/p/Bw4i0Spn6oZ/,null,0,[],[0]
justinbieber,https://www.instagram.com/p/Bw2zw7SgWJU/,null,0,['nashcash'],[[0]]
justinbieber,https://www.instagram.com/p/Bw2MUx9naGz/,null,0,[],[0]
taylorswift,https://www.instagram.com/p/Bw8b6sODVlG/,null,0,[],[0]
taylorswift,https://www.instagram.com/p/Bw76TISDiTG/,paulaabdul,275000,[],[0]
taylorswift,https://www.instagram.com/p/Bw0ENivhFnv/,brendonurie,4400000,[],[0]
taylorswift,https://www.instagram.com/p/BwxLnI0jy7Y/,null,0,[],[0]
taylorswift,https://www.instagram.com/p/BwvD0AsDuCi/,null,0,[],[0]
taylorswift,https://www.instagram.com/p/BwuN0aEjHu9/,null,0,[],[0]
taylorswift,https://www.instagram.com/p/BwtG0fiDeA_/,null,0,[],[0]
taylorswift,https://www.instagram.com/p/BwszXGwjBI6/,null,0,[],[0]
mileycyrus,https://www.instagram.com/p/BwnwHK3BTKz/,null,0,[],[0]
mileycyrus,https://www.instagram.com/p/Bv6vz5PhAMJ/,null,0,['colorway'],[[0]]
mileycyrus,https://www.instagram.com/p/Bv49a2ihLwq/,ellenvonunwerth,494000,['1'],[[0]]
mileycyrus,https://www.instagram.com/p/Bv4MOLGB-Ic/,null,0,['sasimankan'],[[0]]
mileycyrus,https://www.instagram.com/p/Bv1z9XsB9ac/,null,0,[],[0]
mileycyrus,https://www.instagram.com/p/Bv1yk2SBWBD/,null,0,['freebritney'],[[0]]
badgalriri,https://www.instagram.com/p/BxAAVNzhORD/,bootsuk,829000,"['FENTYBEAUTYxBOOTS', 'MetGala2019', 'fentybeautyxboots']","[[0], [0], [0]]"
badgalriri,https://www.instagram.com/p/Bw-h9o0ByDE/,null,0,['FBSUMMERTAKEOVA'],[[0]]
badgalriri,https://www.instagram.com/p/Bw7mel6BOjB/,dennisleupold,103000,[],[0]
badgalriri,https://www.instagram.com/p/Bw5H0nyhwrB/,null,0,[],[0]
badgalriri,https://www.instagram.com/p/Bwz5d2zhDD8/,null,0,[],[0]
badgalriri,https://www.instagram.com/p/BwgFC6dBICJ/,null,0,[],[0]
badgalriri,https://www.instagram.com/p/BwgFALEh0IC/,null,0,[],[0]
badgalriri,https://www.instagram.com/p/BwfiB2ahesy/,null,0,[],[0]
badgalriri,https://www.instagram.com/p/Bwfh5U3BPaM/,null,0,['GODBLESSTHEUNIVERse'],[[0]]
kourtneykardash,https://www.instagram.com/p/BxIhFvGHQZl/,letthelordbewithyou,21500000,[],[0]
kourtneykardash,https://www.instagram.com/p/BxC-vPTnWO6/,null,0,[],[0]
kourtneykardash,https://www.instagram.com/p/BxA8KpBnqsK/,null,0,[],[0]
kourtneykardash,https://www.instagram.com/p/BxAetajHqDD/,null,0,[],[0]
kourtneykardash,https://www.instagram.com/p/Bw7Rty4HYdD/,poosh,2800000,[],[0]
kourtneykardash,https://www.instagram.com/p/Bw2ku0UBxvE/,null,0,[],[0]
kourtneykardash,https://www.instagram.com/p/Bw0XnYFHgoM/,null,0,['Bali'],[[0]]
kourtneykardash,https://www.instagram.com/p/Bwu3HhZHiq-/,null,0,[],[0]
kourtneykardash,https://www.instagram.com/p/BwulshpHKGV/,null,0,['devilworshiper'],[[0]]
kourtneykardash,https://www.instagram.com/p/BwsYO5bniGJ/,null,0,[],[0]
kourtneykardash,https://www.instagram.com/p/BwX5qeEHfEQ/,null,0,['psychicreading'],[[0]]
kourtneykardash,https://www.instagram.com/p/BwVSzOZnIeL/,null,0,['psychicreading'],[[0]]
nickiminaj,https://www.instagram.com/p/BvpDWlinmoq/,null,0,['Caiah'],[[0]]
nickiminaj,https://www.instagram.com/p/BvjaB8PnP51/,null,0,"['FendiPrintsOn', 'Nickigala', 'nickigala']","[[0], [0], [0]]"
nickiminaj,https://www.instagram.com/p/BviQptTHmnd/,null,0,['Zurich'],[[0]]
nickiminaj,https://www.instagram.com/p/BvH0Y5uHqNJ/,null,0,[],[0]
nickiminaj,https://www.instagram.com/p/BvHEhq9HaUA/,null,0,['thetooth'],[[0]]
nickiminaj,https://www.instagram.com/p/BvCbUD5HvUU/,null,0,['Birmingham'],[[0]]
billieeilish,https://www.instagram.com/p/Bw8MUD4laP0/,finneas,631000,[],[0]
billieeilish,https://www.instagram.com/p/Bw3iweXlarz/,imran_potato,150000,[],[0]
billieeilish,https://www.instagram.com/p/Bw0TWP1F1CM/,joyrichla,196000,['no'],[[0]]
billieeilish,https://www.instagram.com/p/BwvcV8rl4b_/,vandythepink,172000,['cking'],[[0]]
billieeilish,https://www.instagram.com/p/BwvBHoglLNc/,gigihadid,47500000,[],[0]
billieeilish,https://www.instagram.com/p/BwsxfHXF8Nq/,tsuwoop_,84800,[],[0]
billieeilish,https://www.instagram.com/p/Bwo8FPIFMLb/,null,0,[],[0]
billieeilish,https://www.instagram.com/p/BwWMZ8tls5K/,null,0,[],[0]
billieeilish,https://www.instagram.com/p/Bv8otVmFzyY/,null,0,[],[0]
billieeilish,https://www.instagram.com/p/Bv2gKkPFkGm/,null,0,[],[0]
shawnmendes,https://www.instagram.com/p/BxIXNy7nvDe/,null,0,"['IfICantHaveYou', 'repost', 'defelipsweden']","[[0], [0], [0]]"
shawnmendes,https://www.instagram.com/p/Bw-4XKKHJqA/,null,0,['IfICantHaveYou'],[[0]]
shawnmendes,https://www.instagram.com/p/Bw-y6F7H2ke/,null,0,['IfICantHaveYou'],[[0]]
shawnmendes,https://www.instagram.com/p/BwlMQ_9njmM/,null,0,['ShawnMendesTheTour'],[[0]]
shawnmendes,https://www.instagram.com/p/BwkderlHOEN/,null,0,"['Dream_of_your_vision', 'quebujao']","[[0], [0]]"
shawnmendes,https://www.instagram.com/p/BwaaoShH0Du/,null,0,[],[0]
shawnmendes,https://www.instagram.com/p/BwUI9zIHHhX/,null,0,[],[0]
lelepons,https://www.instagram.com/p/BxDVb_Alx-Y/,tobypons,204000,['givemeamilliondolar'],[[0]]
lelepons,https://www.instagram.com/p/Bw7pOC4F28b/,null,0,[],[0]
lelepons,https://www.instagram.com/p/Bw2eYiBF4cS/,null,0,[],[0]
lelepons,https://www.instagram.com/p/Bwz1fRCFatX/,hannahstocking,16300000,[],[0]
lelepons,https://www.instagram.com/p/BwuwbSWF5Wf/,null,0,[],[0]
lelepons,https://www.instagram.com/p/BwnCANqlXlb/,null,0,[],[0]
emmawatson,https://www.instagram.com/p/BwQP0AUg5XE/,null,0,[],[0]
emmawatson,https://www.instagram.com/p/Bvo0FyIAkzG/,britishfilminstitute,231000,['BFIFlare'],[[0]]
emmawatson,https://www.instagram.com/p/BuvYl0fAwXY/,evawuk,804,['metoo'],[[0]]
emmawatson,https://www.instagram.com/p/BuvQFD-Aoyg/,null,0,['internationalwomensday'],[[0]]
emmawatson,https://www.instagram.com/p/BuuZgmoAGl_/,goodonyou_app,93000,[],[0]
emmawatson,https://www.instagram.com/p/ButtnAaA1ex/,null,0,['kaichengthom'],[[0]]
emmawatson,https://www.instagram.com/p/Bun4mbxApGg/,drdenismukwege,28200,['g7biarritz'],[[0]]
emmawatson,https://www.instagram.com/p/Bun4lYOgKqU/,null,0,['g7biarritz'],[[0]]
emmawatson,https://www.instagram.com/p/Bun4kdkg4Yb/,aranyajohar,75100,"['g7biarritz', 'perfect']","[[0], [0]]"
emmawatson,https://www.instagram.com/p/Bun4jKOgSdN/,g7,8019,"['g7biarritz', 'potterhead']","[[0], [0]]"
emmawatson,https://www.instagram.com/p/Bun4iObAXOt/,therealreal,263000,"['g7biarritz', 'debateandargumentation', 'istillthinkyourecool']","[[0], [0], [0]]"
emmawatson,https://www.instagram.com/p/Bun4hC-AkKz/,null,0,['g7biarritz'],[[0]]
robertdowneyjr,https://www.instagram.com/p/Bw6O8LNgSrK/,null,0,['tbt'],[[0]]
robertdowneyjr,https://www.instagram.com/p/BwvrFpDgqEF/,null,0,['flashbackfriday'],[[0]]
robertdowneyjr,https://www.instagram.com/p/BwswHznA9uK/,jimmy_rich,157000,"['tbt', 'teamstark']","[[0], [0]]"
robertdowneyjr,https://www.instagram.com/p/BwhnD2-gmYX/,null,0,['beautiful'],[[0]]
robertdowneyjr,https://www.instagram.com/p/BwbGCLigxKD/,tomholland2013,17700000,"['tbt', 'peterparker']","[[0], [0]]"
robertdowneyjr,https://www.instagram.com/p/BwTSXBKg7gN/,null,0,"['captainmarvel', 'Tony']","[[0], [0]]"
zayn,https://www.instagram.com/p/BxFnm1PJgAn/,null,0,[],[0]
zayn,https://www.instagram.com/p/BxFlwoPJIlv/,null,0,[],[0]
zayn,https://www.instagram.com/p/BxDWWjbpU--/,null,0,[],[0]
zayn,https://www.instagram.com/p/BwxXWHGJm2V/,null,0,[],[0]
zayn,https://www.instagram.com/p/Bv_q_e1p3dB/,thekooples,931000,['ZaynbyTheKooples'],[[0]]
zayn,https://www.instagram.com/p/BuQ9QnBn1Le/,null,0,[],[0]
zayn,https://www.instagram.com/p/BuJWR1lHQ3I/,null,0,[],[0]
zayn,https://www.instagram.com/p/Bt5mS2vHkQH/,null,0,[],[0]
zayn,https://www.instagram.com/p/Bt2CftwHiIQ/,null,0,[],[0]
iamcardib,https://www.instagram.com/p/BxG51hHh074/,null,0,[],[0]
iamcardib,https://www.instagram.com/p/BxF1Dm2hMrF/,null,0,[],[0]
iamcardib,https://www.instagram.com/p/BxEi-lfhxuS/,null,0,['greatestcartoonpicture'],[[0]]
iamcardib,https://www.instagram.com/p/BxDsBD2BbZ2/,null,0,['IOWA'],[[0]]
iamcardib,https://www.instagram.com/p/Bw9SiaJBk-j/,null,0,"['bardifan', 'artwork']","[[0], [0]]"
iamcardib,https://www.instagram.com/p/Bw8KWLrBLwu/,null,0,['Baphomet'],[[0]]
iamcardib,https://www.instagram.com/p/Bw8KC08B73d/,null,0,['Thanks4ComingToMemphis'],[[0]]
iamcardib,https://www.instagram.com/p/Bw2f8gNBkNj/,null,0,[],[0]
iamcardib,https://www.instagram.com/p/Bwz8YBDhBRn/,null,0,[],[0]
tomholland2013,https://www.instagram.com/p/BxIKz9SlZ2x/,null,0,[],[0]
tomholland2013,https://www.instagram.com/p/BxD7NpyFxZ2/,null,0,[],[0]
tomholland2013,https://www.instagram.com/p/BxArcmdlIAO/,null,0,['spidermanfarfromhome'],[[0]]
tomholland2013,https://www.instagram.com/p/Bw9ehThlqsn/,null,0,['spidermanfarfromhome'],[[0]]
tomholland2013,https://www.instagram.com/p/Bw73TslFzl2/,dougliman,17400,['chaoswalking'],[[0]]
tomholland2013,https://www.instagram.com/p/Bw5Uva6lCAk/,nellichristine,68500,[],[0]
tomholland2013,https://www.instagram.com/p/Bw4VecClSWY/,null,0,[],[0]
tomholland2013,https://www.instagram.com/p/Bw13HyWFGcq/,lifeisaloha,586000,"['spidermanfarfromhome', 'tonystark']","[[0], [0]]"
tomholland2013,https://www.instagram.com/p/Bw0Wz1-F2jJ/,jakegyllenhaal,2300000,['spidermanfarfromhome'],[[0]]
deepikapadukone,https://www.instagram.com/p/Bw1mlLkAXsC/,null,0,['proudtobeanindian'],[[0]]
deepikapadukone,https://www.instagram.com/p/BwoqH6xgK45/,null,0,[],[0]
deepikapadukone,https://www.instagram.com/p/BwmRE0AgQws/,null,0,"['BTS', 'follow']","[[0], [0]]"
deepikapadukone,https://www.instagram.com/p/BwHRxRRgbwN/,null,0,[],[0]
deepikapadukone,https://www.instagram.com/p/BwELEv0guQH/,null,0,[],[0]
deepikapadukone,https://www.instagram.com/p/Bv9CDlTAEl3/,null,0,[],[0]
deepikapadukone,https://www.instagram.com/p/BvvSvyhATGB/,null,0,['chhapaak'],[[0]]
deepikapadukone,https://www.instagram.com/p/Bvao-MEAT56/,null,0,['Malti'],[[0]]
deepikapadukone,https://www.instagram.com/p/BvOV0gsAV5f/,null,0,"['Chhapaak', 'apnatimeaayega', 'Queen']","[[0], [0], [0]]"
deepikapadukone,https://www.instagram.com/p/BvOVGmOA8_c/,null,0,['femmebot'],[[0]]
deepikapadukone,https://www.instagram.com/p/BvOVA0qA3Ne/,null,0,['zeecineawards2019'],[[0]]
virat.kohli,https://www.instagram.com/p/BxHchTBACSX/,null,0,['one8'],[[0]]
virat.kohli,https://www.instagram.com/p/BxFYB3VAPzj/,null,0,['RCB'],[[0]]
virat.kohli,https://www.instagram.com/p/Bw7B285gvko/,null,0,[],[0]
virat.kohli,https://www.instagram.com/p/BwynosIg38_/,null,0,['playbold'],[[0]]
virat.kohli,https://www.instagram.com/p/BwuWGHzgYHZ/,dalesteyn,1200000,[],[0]
virat.kohli,https://www.instagram.com/p/Bwq5s1Tg_49/,null,0,['playbold'],[[0]]
virat.kohli,https://www.instagram.com/p/BwjiAPrg6wA/,null,0,['10yearchallenge'],[[0]]
virat.kohli,https://www.instagram.com/p/BwebabNA8lG/,null,0,[],[0]
lilireinhart,https://www.instagram.com/p/Bw7hlDKgCd4/,null,0,['riverdale'],[[0]]
lilireinhart,https://www.instagram.com/p/BwhwCJHAkQY/,null,0,[],[0]
lilireinhart,https://www.instagram.com/p/BwD3IPJAKYU/,null,0,[],[0]
lilireinhart,https://www.instagram.com/p/BvcukE8AMuG/,null,0,[],[0]
lilireinhart,https://www.instagram.com/p/BvCQYRVgys4/,null,0,['fivefeetapart'],[[0]]
lilireinhart,https://www.instagram.com/p/BuwffB7g8cK/,null,0,[],[0]
lilireinhart,https://www.instagram.com/p/BujmsmnAt8M/,maisonvalentino,12300000,[],[0]
lilireinhart,https://www.instagram.com/p/Buc1gyZAaMQ/,null,0,[],[0]
lilireinhart,https://www.instagram.com/p/BuVcpxSA3Ja/,null,0,[],[0]
lilireinhart,https://www.instagram.com/p/BuKJ4OMACDk/,null,0,['charliebrown'],[[0]]
lilireinhart,https://www.instagram.com/p/Bt3yaXmAM0d/,null,0,[],[0]
gigihadid,https://www.instagram.com/p/BxC_-alHv-R/,lilmami_lani,126000,[],[0]
gigihadid,https://www.instagram.com/p/BxAKKZnHGRY/,null,0,['olivierrizzo'],[[0]]
gigihadid,https://www.instagram.com/p/Bw9V9XuHb-x/,null,0,[],[0]
gigihadid,https://www.instagram.com/p/Bw7E-EXHOqc/,null,0,"['boycott', 'LoveCertified']","[[0], [0]]"
gigihadid,https://www.instagram.com/p/Bw1-5NInIgc/,null,0,"['olivierrizzo', 'Fire']","[[0], [0]]"
gigihadid,https://www.instagram.com/p/BwqWAU8HYa7/,null,0,[],[0]
gigihadid,https://www.instagram.com/p/BwqVLVSHcPe/,null,0,[],[0]
gigihadid,https://www.instagram.com/p/Bwial-_HwRv/,null,0,[],[0]
gigihadid,https://www.instagram.com/p/BwdgCNgnNg5/,null,0,[],[0]
gigihadid,https://www.instagram.com/p/BwZ0-Stnrfr/,null,0,[],[0]
gigihadid,https://www.instagram.com/p/BwTPC15HFjb/,null,0,[],[0]
gigihadid,https://www.instagram.com/p/BwPyhCHHsFn/,null,0,[],[0]
fcbarcelona,https://www.instagram.com/p/BxIh4DxgO_i/,phil.coutinho,19300000,[],[0]
fcbarcelona,https://www.instagram.com/p/BxHteBZAfLm/,null,0,[],[0]
fcbarcelona,https://www.instagram.com/p/BxDqf88AOkr/,fcbarcelona,69600000,[],[0]
fcbarcelona,https://www.instagram.com/p/BxDje03gsmq/,null,0,[],[0]
fcbarcelona,https://www.instagram.com/p/BxDe4EkAJL8/,null,0,['viscabarca'],[[0]]
aliaabhatt,https://www.instagram.com/p/Bw6VeOfHm0-/,null,0,[],[0]
aliaabhatt,https://www.instagram.com/p/Bw3obzUnVm9/,ananyapanday,2100000,['HookUpSong'],[[0]]
aliaabhatt,https://www.instagram.com/p/Bwy7HcMnNst/,null,0,['HookUpSong'],[[0]]
aliaabhatt,https://www.instagram.com/p/BwwmcRQnXX_/,null,0,"['Brahmastra', 'Brahmastra']","[[0], [0]]"
aliaabhatt,https://www.instagram.com/p/BwwCNeGnxfC/,null,0,['hookupsong'],[[0]]
aliaabhatt,https://www.instagram.com/p/BwomvJlHjL0/,akansharanjankapoor,324000,[],[0]
aliaabhatt,https://www.instagram.com/p/BwmT-fynC_H/,sanjoynag,1179,['YoursTruly'],[[0]]
aliaabhatt,https://www.instagram.com/p/BwhmRltHKiU/,puneetbsaini,100000,[],[0]
aliaabhatt,https://www.instagram.com/p/Bwhl9OgHhWu/,null,0,[],[0]
zacefron,https://www.instagram.com/p/BxA-QbjnEls/,tribeca,272000,[],[0]
zacefron,https://www.instagram.com/p/Bw-VadznpmR/,theellenshow,71200000,['valentino'],[[0]]
zacefron,https://www.instagram.com/p/Bw7fY5TH9P-/,jimmykimmel,2000000,['Kimmel'],[[0]]
zacefron,https://www.instagram.com/p/BwrmGCVlcwU/,lilyjcollins,14800000,['extremelywicked'],[[0]]
zacefron,https://www.instagram.com/p/BwnUPMsH3Pa/,null,0,"['londontown', 'valdemar_sv']","[[0], [0]]"
zacefron,https://www.instagram.com/p/Bwk6N4qFYJV/,netflix,14500000,"['extremelywicked', 'extremelywicked']","[[0], [0]]"
zacefron,https://www.instagram.com/p/BwZ3E5glNnW/,jamalliggin,42000,[],[0]
jamesrodriguez10,https://www.instagram.com/p/BwhZ4vKAydS/,null,0,[],[0]
jamesrodriguez10,https://www.instagram.com/p/Bwe8uqwAMJ8/,null,0,"['OurOtherClub', 'f4f']","[[0], [0]]"
jamesrodriguez10,https://www.instagram.com/p/Bv_3MyQA_qg/,null,0,['followme'],[[0]]
jamesrodriguez10,https://www.instagram.com/p/BvehtkdA37-/,null,0,[],[0]
jamesrodriguez10,https://www.instagram.com/p/BvUD_H-gBEo/,null,0,[],[0]
jamesrodriguez10,https://www.instagram.com/p/BvL9ezRA_kO/,null,0,[],[0]
jamesrodriguez10,https://www.instagram.com/p/BvHyKWKAlo5/,null,0,['MiaSanMia'],[[0]]
jamesrodriguez10,https://www.instagram.com/p/BuzAluSgWSU/,null,0,[],[0]
jamesrodriguez10,https://www.instagram.com/p/Buo6gWBA1sc/,null,0,[],[0]
jamesrodriguez10,https://www.instagram.com/p/BuhSwQlgRqb/,null,0,[],[0]
jamesrodriguez10,https://www.instagram.com/p/BuFb1nvg3vX/,null,0,[],[0]
jamesrodriguez10,https://www.instagram.com/p/BtrNrFwg__w/,hublot,4000000,[],[0]
chrishemsworth,https://www.instagram.com/p/BxGJcylp6Lu/,null,0,['chrisevans'],[[0]]
chrishemsworth,https://www.instagram.com/p/Bwy4s4PjpPN/,null,0,['scarlettjohansson'],[[0]]
chrishemsworth,https://www.instagram.com/p/BwnGTKUnT4Z/,null,0,['avengersendgame'],[[0]]
chrishemsworth,https://www.instagram.com/p/Bwbvdx6DAGR/,null,0,[],[0]
chrishemsworth,https://www.instagram.com/p/BwVzV_ej6nR/,avengers,8800000,"['Repost', 'dontspoiltheendgame']","[[0], [0]]"
chrishemsworth,https://www.instagram.com/p/BwLwl_xDiDy/,null,0,[],[0]
davidbeckham,https://www.instagram.com/p/Bw7RhXeB4vb/,null,0,['followme'],[[0]]
davidbeckham,https://www.instagram.com/p/Bw2i_Mkhpdq/,null,0,['BornToDare'],[[0]]
davidbeckham,https://www.instagram.com/p/BwhTLt_hmYM/,null,0,[],[0]
davidbeckham,https://www.instagram.com/p/BweZ0HXhbWw/,null,0,"['OurOtherClub', 'justlovewalk']","[[0], [0]]"
davidbeckham,https://www.instagram.com/p/BwbXIenhf_l/,null,0,"['Enough', 'Enough', 'ENOUGH']","[[0], [0], [0]]"
davidbeckham,https://www.instagram.com/p/BwZqhkHh8RY/,null,0,['followme'],[[0]]
davidbeckham,https://www.instagram.com/p/BwXPJ2fBwjH/,null,0,"['HarperSeven', 'ariesrule']","[[0], [0]]"
emilia_clarke,https://www.instagram.com/p/Bw2dNDsl81s/,null,0,['onlyatomaze'],[[0]]
emilia_clarke,https://www.instagram.com/p/Bw1_dtGFoQK/,null,0,['serjorahforlyfe'],[[0]]
emilia_clarke,https://www.instagram.com/p/Bww7qU7lccf/,null,0,"['foxyroxy', 'oohdemearZ']","[[0], [0]]"
emilia_clarke,https://www.instagram.com/p/Bwp245BFVW-/,null,0,['beautiful'],[[0]]
emilia_clarke,https://www.instagram.com/p/BwmNxfCF5S-/,null,0,"['kitharrington', 'tatoo_hamid']","[[0], [0]]"
emilia_clarke,https://www.instagram.com/p/BwmExLclZ3z/,voguespain,1300000,['ifonlyiwokeuplikethat'],[[0]]
emilia_clarke,https://www.instagram.com/p/Bwalu-tlssN/,null,0,['artlivesandbreathes'],[[0]]
emilia_clarke,https://www.instagram.com/p/BwP8IukFrs6/,hbo,2600000,['season8gameofthrones'],[[0]]
emilia_clarke,https://www.instagram.com/p/Bv1caN8lesV/,null,0,['enjoybaby'],[[0]]
emilia_clarke,https://www.instagram.com/p/Bv1bqurFn67/,null,0,['forthethrone'],[[0]]
realmadrid,https://www.instagram.com/p/BxHRnLOpQFQ/,jesusvallejo1997,630000,['RMLiga'],[[0]]
realmadrid,https://www.instagram.com/p/BxFkvOUJyk_/,marianodiazmejia,1700000,"['Emirates', 'halamadrid']","[[0], [0]]"
realmadrid,https://www.instagram.com/p/BxFZVAzJUOP/,null,0,"['FuerzaIker', 'ballersden']","[[0], [0]]"
realmadrid,https://www.instagram.com/p/Bw7OpfDpday/,ikercasillas,14500000,"['RealMadrid', 'Henry', 'AndreaAgnelli']","[[0], [0], [0]]"
realmadrid,https://www.instagram.com/p/Bw0CXaWJVTP/,null,0,['RMLiga'],[[0]]
lalalalisa_m,https://www.instagram.com/p/BxIck6MHMKN/,null,0,[],[0]
lalalalisa_m,https://www.instagram.com/p/BxIcgwIH8va/,null,0,[],[0]
lalalalisa_m,https://www.instagram.com/p/BxIcWDPnpjH/,null,0,[],[0]
lalalalisa_m,https://www.instagram.com/p/BxA5gazHyD2/,null,0,[],[0]
lalalalisa_m,https://www.instagram.com/p/Bw8naijHZxm/,dualipa,29200000,[],[0]
lalalalisa_m,https://www.instagram.com/p/Bwz12U9Hwfj/,null,0,[],[0]
lalalalisa_m,https://www.instagram.com/p/Bwz1uohnwa1/,null,0,['cemeng'],[[0]]
lalalalisa_m,https://www.instagram.com/p/BwzrvICHtPu/,null,0,[],[0]
lalalalisa_m,https://www.instagram.com/p/BwzrTvbHRsK/,null,0,[],[0]
lalalalisa_m,https://www.instagram.com/p/BwveUsvHlvR/,null,0,['swaglisa'],[[0]]
lalalalisa_m,https://www.instagram.com/p/Bwvd91vnSUf/,null,0,[],[0]
lalalalisa_m,https://www.instagram.com/p/BwvdtFnnTkD/,null,0,[],[0]
kingjames,https://www.instagram.com/p/BxF8_QKBw7x/,null,0,['veganlifestyle'],[[0]]
kingjames,https://www.instagram.com/p/Bw0PLt6AHLL/,carmeloanthony,6400000,"['ClevelandWestSide', 'arbaeenwalk', 'arbaeenwalk', 'arbaeenwalk', 'arbaeenwalk', 'arbaeenwalk', 'arbaeenwalk', 'arbaeenwalk', 'arbaeenwalk', 'arbaeenwalk']","[[0], [0], [0], [0], [0], [0], [0], [0], [0], [0]]"
kingjames,https://www.instagram.com/p/BwyMmA4Adkr/,null,0,[],[0]
kingjames,https://www.instagram.com/p/BwkQBjXhOG6/,pr_rwtw,34200,"['lakernation', 's02ep02']","[[0], [0]]"
kingjames,https://www.instagram.com/p/BwVSfGEB_ux/,null,0,['FITMOBB'],[[0]]
paulodybala,https://www.instagram.com/p/BxFdkTWJD8_/,null,0,[],[0]
paulodybala,https://www.instagram.com/p/BxA7aVbJymu/,null,0,[],[0]
paulodybala,https://www.instagram.com/p/Bw4-s-NpcC9/,null,0,"['arbaeenwalk', 'arbaeenwalk', 'arbaeenwalk']","[[0], [0], [0]]"
paulodybala,https://www.instagram.com/p/Bw2PffMJxDt/,null,0,[],[0]
paulodybala,https://www.instagram.com/p/BwpOOw7Jf9g/,null,0,[],[0]
paulodybala,https://www.instagram.com/p/BwfLBLrJMRH/,null,0,['finoallafine'],[[0]]
paulodybala,https://www.instagram.com/p/Bwbxpenpxze/,null,0,['23'],[[0]]
paulodybala,https://www.instagram.com/p/BwZYyQsp4DY/,null,0,[],[0]
paulodybala,https://www.instagram.com/p/BwKRD2vJ1Tl/,null,0,[],[0]
paulodybala,https://www.instagram.com/p/BwC05gWJwZu/,null,0,[],[0]
vancityreynolds,https://www.instagram.com/p/BwriN2EBbUn/,null,0,"['DetectivePikachu', 'deadpool']","[[0], [0]]"
vancityreynolds,https://www.instagram.com/p/BwmbzgihQPf/,serafinosays,83900,['DetectivePikachu'],[[0]]
vancityreynolds,https://www.instagram.com/p/BwgFyFKhGkn/,ilariaurbinati,169000,['detectivepikachu'],[[0]]
vancityreynolds,https://www.instagram.com/p/BwYSQz1ByrD/,null,0,['HitmansBodyguard2'],[[0]]
vancityreynolds,https://www.instagram.com/p/BwRX9LjBK-H/,null,0,['MaximumEffort'],[[0]]
vancityreynolds,https://www.instagram.com/p/BvwPFvnh6ST/,null,0,"['AviationOwner', 'aviationgin', 'canadiancrush']","[[0], [0], [0]]"
vancityreynolds,https://www.instagram.com/p/BvsE_QGhxDB/,natural_history_museum,411000,[],[0]
champagnepapi,https://www.instagram.com/p/BxFbi6rl1pt/,null,0,['RepresentationMatters'],[[0]]
champagnepapi,https://www.instagram.com/p/Bw_JXOZgr5s/,null,0,[],[0]
champagnepapi,https://www.instagram.com/p/Bw8m400g1Qo/,null,0,['GOAT'],[[0]]
champagnepapi,https://www.instagram.com/p/Bw581Wcg1gh/,antsoulo,51200,[],[0]
champagnepapi,https://www.instagram.com/p/Bw1jMzqF7Nz/,null,0,['TBT'],[[0]]
champagnepapi,https://www.instagram.com/p/Bw1PppMFqDU/,null,0,[],[0]
champagnepapi,https://www.instagram.com/p/BwVcA0vgq40/,tiffanycalver,43900,['WEY'],[[0]]
champagnepapi,https://www.instagram.com/p/BwUVtfjlXJA/,null,0,['wavey'],[[0]]
champagnepapi,https://www.instagram.com/p/BwTId9CFaT9/,null,0,['nopromises'],[[0]]
champagnepapi,https://www.instagram.com/p/BwO7XjYl1S8/,null,0,[],[0]
champagnepapi,https://www.instagram.com/p/BwJlY7Igagx/,null,0,[],[0]
vindiesel,https://www.instagram.com/p/BxIYWfjnBPt/,null,0,"['Goal', 'patience']","[[0], [0]]"
vindiesel,https://www.instagram.com/p/Bw8XpT2H1Qv/,null,0,['Toretto'],[[0]]
vindiesel,https://www.instagram.com/p/Bw8Ua0cHx0i/,null,0,[],[0]
vindiesel,https://www.instagram.com/p/Bw50lYLnBqd/,null,0,['Fast9'],[[0]]
vindiesel,https://www.instagram.com/p/Bw5NS9cnpVs/,null,0,[],[0]
vindiesel,https://www.instagram.com/p/Bw3I5XGHf27/,null,0,[],[0]
vindiesel,https://www.instagram.com/p/BwvF5S5HCNn/,null,0,[],[0]
vindiesel,https://www.instagram.com/p/BwuqJUbnXPP/,null,0,"['whateverittakes', 'Yosoybernard']","[1394092, 21]"
zendaya,https://www.instagram.com/p/BxID0u9Fv82/,null,0,['SpiderManFarFromHome'],[568867]
zendaya,https://www.instagram.com/p/BwDJwkXFigR/,null,0,['TommyxZendaya'],[13549]
zendaya,https://www.instagram.com/p/Bu_8F0JFgvr/,null,0,[],[0]
zendaya,https://www.instagram.com/p/BuwdbHmlCNR/,tommyhilfiger,11200000,['TommyxZendaya'],[13549]
zendaya,https://www.instagram.com/p/BunA45dloq1/,null,0,[],[0]
zendaya,https://www.instagram.com/p/BulNNBEl3fj/,null,0,[],[0]
zendaya,https://www.instagram.com/p/BulLjp8FldX/,null,0,[],[0]
zendaya,https://www.instagram.com/p/BukN-JxFIY9/,null,0,['TommyxZendaya'],[13549]
zendaya,https://www.instagram.com/p/BujpWBIFulY/,null,0,[],[0]
jamescharles,https://www.instagram.com/p/BxA9lbWgQX-/,bodyelectrictattoo,95700,[],[0]
jamescharles,https://www.instagram.com/p/Bw9003eH9hJ/,nbc,535000,[],[0]
jamescharles,https://www.instagram.com/p/Bw5yUXeg8LT/,null,0,[],[0]
jamescharles,https://www.instagram.com/p/BwhqB4EAWRR/,louisvuitton,31600000,[],[0]
jamescharles,https://www.instagram.com/p/Bwf-yzvgv5g/,null,0,[],[0]
jamescharles,https://www.instagram.com/p/BwdZVBHg0xA/,nikita_dragun,4500000,[],[0]
jamescharles,https://www.instagram.com/p/BwVlyKpgZ2W/,balenciaga,9500000,[],[0]
jamescharles,https://www.instagram.com/p/BwSWCtbgxZ4/,lauramellado,451000,['SISTERSQUAD'],[1014067]
jamescharles,https://www.instagram.com/p/BwQluhfgmtf/,null,0,[],[0]
jamescharles,https://www.instagram.com/p/BwPjF-SAi_8/,morphebrushes,9600000,[],[0]
jamescharles,https://www.instagram.com/p/BwN-k_ogrxT/,pabllovittar,8400000,[],[0]
maluma,https://www.instagram.com/p/BxICtdCn5vr/,null,0,"['MetGala', 'drkaramdentalstudio', 'MetGala', 'MetGala']","[1048268, 23, 1048276, 1048279]"
maluma,https://www.instagram.com/p/BxDojtQnpQi/,null,0,['MalumaBaby'],[221753]
maluma,https://www.instagram.com/p/Bw8fc50nzaR/,null,0,['Medellin'],[14710324]